Workbook

Sheet Raw
A1: Order_ID | B1: Date | C1: Region | D1: Rep | E1: Product | F1: Units | G1: Unit_Price | H1: Status | J1: NOTE
A2: 1001 | B2: 2026-07-01 | C2: North | D2: A. Chen | E2: Alpha | F2: 10 | G2: 120 | H2: Completed | J2: 15 rows including one exact duplicate of Order 1007. Do not delete similar-but-not-identical orders (1001 vs 1010).
A3: 1002 | B3: 7/1/2026 | C3: north | D3: Alex Chen | E3: Beta | F3: 5 | G3: 200 | H3: Completed
A4: 1003 | B4: 2026/07/02 | C4: SOUTH | D4: Maria Li | E4: Alpha | F4: 8 | G4: 120 | H4: Completed
A5: 1004 | B5: 02-Jul-2026 | C5: South | D5: Maria Li | E5: Gamma | F5: 3 | G5: 500 | H5: Cancelled
A6: 1005 | B6: 2026-07-03 | C6: East | D6: Sam Wu | E6: Alpha | F6: -2 | G6: 120 | H6: Refund
A7: 1006 | B7: 2026-07-03 | C7: east | D7: Sam Wu | E7: Beta | F7: 4 | G7: 200 | H7: Completed
A8: 1007 | B8: 2026-07-04 | C8: West | D8: Nina Ko | E8: Gamma | F8: 2 | G8: 500 | H8: Completed
A9: 1007 | B9: 2026-07-04 | C9: West | D9: Nina Ko | E9: Gamma | F9: 2 | G9: 500 | H9: Completed
A10: 1008 | B10: 2026-07-05 | C10: west | D10: Nina K. | E10: Alpha | F10: 6 | G10: 120 | H10: Completed
A11: 1009 | B11: 2026-07-05 | D11: Jordan | E11: Beta | F11: 7 | G11: 200 | H11: Completed
A12: 1010 | B12: 2026-07-06 | C12: North | D12: A Chen | E12: Alpha | F12: 10 | G12: 120 | H12: Completed
A13: 1011 | B13: 2026-07-06 | C13: North | D13: Alex Chen | E13: Beta | F13: 5 | G13: 200 | H13: Pending
A14: 1012 | B14: 2026-07-07 | C14: East | D14: Sam Wu | E14: Gamma | F14: 1 | G14: 500 | H14: Completed
A15: 1013 | B15: 2026-07-07 | C15: South | D15: Maria Li | E15: Beta | F15: 5 | G15: 200 | H15: Completed
A16: 1014 | B16: 2026-07-08 | C16: West | D16: Nina Ko | E16: Alpha | F16: -3 | G16: 120 | H16: Refund

Sheet Clean
A1: Order_ID | B1: Date_ISO | C1: Region_Raw | D1: Region | E1: Rep_Raw | F1: Rep | G1: Product | H1: Units | I1: Unit_Price | J1: Status | K1: Net_Revenue | L1: Raw_Row | N1: Rules
A2: =Raw!A2 | B2: 2026-07-01 | C2: =Raw!C2 | D2: =IF(TRIM(C2)="","Unknown",UPPER(LEFT(TRIM(C2),1))&LOWER(MID(TRIM(C2),2,99))) | E2: =Raw!D2 | F2: =IFS(OR(E2="A. Chen",E2="A Chen",E2="Alex Chen"),"Alex Chen",OR(E2="Nina K.",E2="Nina Ko"),"Nina Ko",TRUE,E2) | G2: =Raw!E2 | H2: =Raw!F2 | I2: =Raw!G2 | J2: =Raw!H2 | K2: =IF(J2="Completed",H2*I2,IF(J2="Refund",H2*I2,0)) | L2: 2 | N2: Drop exact duplicate of 1007 (Raw row 9). Keep 1001 and 1010 (different dates). Completed=Units*Price; Refund=Units*Price (units already negative); Cancelled/Pending=0.
A3: =Raw!A3 | B3: 2026-07-01 | C3: =Raw!C3 | D3: =IF(TRIM(C3)="","Unknown",UPPER(LEFT(TRIM(C3),1))&LOWER(MID(TRIM(C3),2,99))) | E3: =Raw!D3 | F3: =IFS(OR(E3="A. Chen",E3="A Chen",E3="Alex Chen"),"Alex Chen",OR(E3="Nina K.",E3="Nina Ko"),"Nina Ko",TRUE,E3) | G3: =Raw!E3 | H3: =Raw!F3 | I3: =Raw!G3 | J3: =Raw!H3 | K3: =IF(J3="Completed",H3*I3,IF(J3="Refund",H3*I3,0)) | L3: 3
A4: =Raw!A4 | B4: 2026-07-02 | C4: =Raw!C4 | D4: =IF(TRIM(C4)="","Unknown",UPPER(LEFT(TRIM(C4),1))&LOWER(MID(TRIM(C4),2,99))) | E4: =Raw!D4 | F4: =IFS(OR(E4="A. Chen",E4="A Chen",E4="Alex Chen"),"Alex Chen",OR(E4="Nina K.",E4="Nina Ko"),"Nina Ko",TRUE,E4) | G4: =Raw!E4 | H4: =Raw!F4 | I4: =Raw!G4 | J4: =Raw!H4 | K4: =IF(J4="Completed",H4*I4,IF(J4="Refund",H4*I4,0)) | L4: 4
A5: =Raw!A5 | B5: 2026-07-02 | C5: =Raw!C5 | D5: =IF(TRIM(C5)="","Unknown",UPPER(LEFT(TRIM(C5),1))&LOWER(MID(TRIM(C5),2,99))) | E5: =Raw!D5 | F5: =IFS(OR(E5="A. Chen",E5="A Chen",E5="Alex Chen"),"Alex Chen",OR(E5="Nina K.",E5="Nina Ko"),"Nina Ko",TRUE,E5) | G5: =Raw!E5 | H5: =Raw!F5 | I5: =Raw!G5 | J5: =Raw!H5 | K5: =IF(J5="Completed",H5*I5,IF(J5="Refund",H5*I5,0)) | L5: 5
A6: =Raw!A6 | B6: 2026-07-03 | C6: =Raw!C6 | D6: =IF(TRIM(C6)="","Unknown",UPPER(LEFT(TRIM(C6),1))&LOWER(MID(TRIM(C6),2,99))) | E6: =Raw!D6 | F6: =IFS(OR(E6="A. Chen",E6="A Chen",E6="Alex Chen"),"Alex Chen",OR(E6="Nina K.",E6="Nina Ko"),"Nina Ko",TRUE,E6) | G6: =Raw!E6 | H6: =Raw!F6 | I6: =Raw!G6 | J6: =Raw!H6 | K6: =IF(J6="Completed",H6*I6,IF(J6="Refund",H6*I6,0)) | L6: 6
A7: =Raw!A7 | B7: 2026-07-03 | C7: =Raw!C7 | D7: =IF(TRIM(C7)="","Unknown",UPPER(LEFT(TRIM(C7),1))&LOWER(MID(TRIM(C7),2,99))) | E7: =Raw!D7 | F7: =IFS(OR(E7="A. Chen",E7="A Chen",E7="Alex Chen"),"Alex Chen",OR(E7="Nina K.",E7="Nina Ko"),"Nina Ko",TRUE,E7) | G7: =Raw!E7 | H7: =Raw!F7 | I7: =Raw!G7 | J7: =Raw!H7 | K7: =IF(J7="Completed",H7*I7,IF(J7="Refund",H7*I7,0)) | L7: 7
A8: =Raw!A8 | B8: 2026-07-04 | C8: =Raw!C8 | D8: =IF(TRIM(C8)="","Unknown",UPPER(LEFT(TRIM(C8),1))&LOWER(MID(TRIM(C8),2,99))) | E8: =Raw!D8 | F8: =IFS(OR(E8="A. Chen",E8="A Chen",E8="Alex Chen"),"Alex Chen",OR(E8="Nina K.",E8="Nina Ko"),"Nina Ko",TRUE,E8) | G8: =Raw!E8 | H8: =Raw!F8 | I8: =Raw!G8 | J8: =Raw!H8 | K8: =IF(J8="Completed",H8*I8,IF(J8="Refund",H8*I8,0)) | L8: 8
A9: =Raw!A10 | B9: 2026-07-05 | C9: =Raw!C10 | D9: =IF(TRIM(C9)="","Unknown",UPPER(LEFT(TRIM(C9),1))&LOWER(MID(TRIM(C9),2,99))) | E9: =Raw!D10 | F9: =IFS(OR(E9="A. Chen",E9="A Chen",E9="Alex Chen"),"Alex Chen",OR(E9="Nina K.",E9="Nina Ko"),"Nina Ko",TRUE,E9) | G9: =Raw!E10 | H9: =Raw!F10 | I9: =Raw!G10 | J9: =Raw!H10 | K9: =IF(J9="Completed",H9*I9,IF(J9="Refund",H9*I9,0)) | L9: 10
A10: =Raw!A11 | B10: 2026-07-05 | C10: =Raw!C11 | D10: =IF(TRIM(C10)="","Unknown",UPPER(LEFT(TRIM(C10),1))&LOWER(MID(TRIM(C10),2,99))) | E10: =Raw!D11 | F10: =IFS(OR(E10="A. Chen",E10="A Chen",E10="Alex Chen"),"Alex Chen",OR(E10="Nina K.",E10="Nina Ko"),"Nina Ko",TRUE,E10) | G10: =Raw!E11 | H10: =Raw!F11 | I10: =Raw!G11 | J10: =Raw!H11 | K10: =IF(J10="Completed",H10*I10,IF(J10="Refund",H10*I10,0)) | L10: 11
A11: =Raw!A12 | B11: 2026-07-06 | C11: =Raw!C12 | D11: =IF(TRIM(C11)="","Unknown",UPPER(LEFT(TRIM(C11),1))&LOWER(MID(TRIM(C11),2,99))) | E11: =Raw!D12 | F11: =IFS(OR(E11="A. Chen",E11="A Chen",E11="Alex Chen"),"Alex Chen",OR(E11="Nina K.",E11="Nina Ko"),"Nina Ko",TRUE,E11) | G11: =Raw!E12 | H11: =Raw!F12 | I11: =Raw!G12 | J11: =Raw!H12 | K11: =IF(J11="Completed",H11*I11,IF(J11="Refund",H11*I11,0)) | L11: 12
A12: =Raw!A13 | B12: 2026-07-06 | C12: =Raw!C13 | D12: =IF(TRIM(C12)="","Unknown",UPPER(LEFT(TRIM(C12),1))&LOWER(MID(TRIM(C12),2,99))) | E12: =Raw!D13 | F12: =IFS(OR(E12="A. Chen",E12="A Chen",E12="Alex Chen"),"Alex Chen",OR(E12="Nina K.",E12="Nina Ko"),"Nina Ko",TRUE,E12) | G12: =Raw!E13 | H12: =Raw!F13 | I12: =Raw!G13 | J12: =Raw!H13 | K12: =IF(J12="Completed",H12*I12,IF(J12="Refund",H12*I12,0)) | L12: 13
A13: =Raw!A14 | B13: 2026-07-07 | C13: =Raw!C14 | D13: =IF(TRIM(C13)="","Unknown",UPPER(LEFT(TRIM(C13),1))&LOWER(MID(TRIM(C13),2,99))) | E13: =Raw!D14 | F13: =IFS(OR(E13="A. Chen",E13="A Chen",E13="Alex Chen"),"Alex Chen",OR(E13="Nina K.",E13="Nina Ko"),"Nina Ko",TRUE,E13) | G13: =Raw!E14 | H13: =Raw!F14 | I13: =Raw!G14 | J13: =Raw!H14 | K13: =IF(J13="Completed",H13*I13,IF(J13="Refund",H13*I13,0)) | L13: 14
A14: =Raw!A15 | B14: 2026-07-07 | C14: =Raw!C15 | D14: =IF(TRIM(C14)="","Unknown",UPPER(LEFT(TRIM(C14),1))&LOWER(MID(TRIM(C14),2,99))) | E14: =Raw!D15 | F14: =IFS(OR(E14="A. Chen",E14="A Chen",E14="Alex Chen"),"Alex Chen",OR(E14="Nina K.",E14="Nina Ko"),"Nina Ko",TRUE,E14) | G14: =Raw!E15 | H14: =Raw!F15 | I14: =Raw!G15 | J14: =Raw!H15 | K14: =IF(J14="Completed",H14*I14,IF(J14="Refund",H14*I14,0)) | L14: 15
A15: =Raw!A16 | B15: 2026-07-08 | C15: =Raw!C16 | D15: =IF(TRIM(C15)="","Unknown",UPPER(LEFT(TRIM(C15),1))&LOWER(MID(TRIM(C15),2,99))) | E15: =Raw!D16 | F15: =IFS(OR(E15="A. Chen",E15="A Chen",E15="Alex Chen"),"Alex Chen",OR(E15="Nina K.",E15="Nina Ko"),"Nina Ko",TRUE,E15) | G15: =Raw!E16 | H15: =Raw!F16 | I15: =Raw!G16 | J15: =Raw!H16 | K15: =IF(J15="Completed",H15*I15,IF(J15="Refund",H15*I15,0)) | L15: 16

Sheet Summary
A1: Region | B1: Orders | C1: Net_Revenue | E1: Check_Clean_Rows | F1: =COUNTA(Clean!A2:A15)
A2: East | B2: =COUNTIF(Clean!D:D,A2) | C2: =SUMIF(Clean!D:D,A2,Clean!K:K) | E2: Check_Net_vs_Clean | F2: =C7-SUM(Clean!K2:K15)
A3: North | B3: =COUNTIF(Clean!D:D,A3) | C3: =SUMIF(Clean!D:D,A3,Clean!K:K) | E3: Expected_Net | F3: 9180
A4: South | B4: =COUNTIF(Clean!D:D,A4) | C4: =SUMIF(Clean!D:D,A4,Clean!K:K) | E4: Match | F4: =IF(AND(F1=14,F2=0,C7=F3),"OK","CHECK")
A5: West | B5: =COUNTIF(Clean!D:D,A5) | C5: =SUMIF(Clean!D:D,A5,Clean!K:K)
A6: Unknown | B6: =COUNTIF(Clean!D:D,A6) | C6: =SUMIF(Clean!D:D,A6,Clean!K:K)
A7: Total | B7: =SUM(B2:B6) | C7: =SUM(C2:C6)

Sheet Exceptions
A1: Issue | B1: Order_ID | C1: Field | D1: Raw_Value | E1: Action | F1: Formula_Flag
A2: Missing Region | B2: =Clean!A10 | C2: Region | D2: (blank) | E2: Coded Unknown; sales must complete | F2: =COUNTIF(Clean!D:D,"Unknown")
A3: Duplicate dropped | B3: 1007 | C3: entire row | D3: identical second row (Raw row 9) | E3: Keep one | F3: =COUNTIF(Raw!A:A,1007)
A5: Refund rows are not exceptions; negative units follow the net-revenue rule.
