Workbook

Sheet Monthly_Detail
A1: Department | B1: Jan_B | C1: Jan_A | D1: Feb_B | E1: Feb_A | F1: Mar_B | G1: Mar_A | H1: Jan_Var | I1: Feb_Var | J1: Mar_Var
A2: Marketing | B2: 100 | C2: 105 | D2: 110 | E2: 98 | F2: 120 | G2: 150 | H2: =C2-B2 | I2: =E2-D2 | J2: =G2-F2
A3: R&D | B3: 200 | C3: 190 | D3: 210 | E3: 230 | F3: 220 | G3: 250 | H3: =C3-B3 | I3: =E3-D3 | J3: =G3-F3
A4: G&A | B4: 80 | C4: 78 | D4: 80 | E4: 82 | F4: 85 | G4: 80 | H4: =C4-B4 | I4: =E4-D4 | J4: =G4-F4
A5: Sales | B5: 150 | C5: 145 | D5: 160 | E5: 175 | F5: 170 | G5: 185 | H5: =C5-B5 | I5: =E5-D5 | J5: =G5-F5
A6: TOTAL | B6: =B2+B3+B4+B5 | C6: =C2+C3+C4+C5 | D6: =D2+D3+D4+D5 | E6: =E2+E3+E4+E5 | F6: =F2+F3+F4+F5 | G6: =G2+G3+G4+G5 | H6: =H2+H3+H4+H5 | I6: =I2+I3+I4+I5 | J6: =J2+J3+J4+J5
A8: Variance = Actual-Budget. Positive = Unfavorable for expenses. Unit: $000s.

Sheet Dept_Summary
A1: Department | B1: Q_Budget | C1: Q_Actual | D1: Q_Var | E1: Q_Var_Pct | F1: Flag | G1: CumVar_Jan | H1: CumVar_Feb | I1: CumVar_Mar | K1: Jan | L1: Feb | M1: Mar
A2: =Monthly_Detail!A2 | B2: =Monthly_Detail!B2+Monthly_Detail!D2+Monthly_Detail!F2 | C2: =Monthly_Detail!C2+Monthly_Detail!E2+Monthly_Detail!G2 | D2: =C2-B2 | E2: =D2/B2 | F2: =IF(D2<0,"Favorable-Green",IF(OR(D2>20,D2/B2>0.05),"Unfavorable-Red","Watch")) | G2: =Monthly_Detail!H2 | H2: =G2+Monthly_Detail!I2 | I2: =H2+Monthly_Detail!J2 | J2: =A2 | K2: =G2 | L2: =H2 | M2: =I2
A3: =Monthly_Detail!A3 | B3: =Monthly_Detail!B3+Monthly_Detail!D3+Monthly_Detail!F3 | C3: =Monthly_Detail!C3+Monthly_Detail!E3+Monthly_Detail!G3 | D3: =C3-B3 | E3: =D3/B3 | F3: =IF(D3<0,"Favorable-Green",IF(OR(D3>20,D3/B3>0.05),"Unfavorable-Red","Watch")) | G3: =Monthly_Detail!H3 | H3: =G3+Monthly_Detail!I3 | I3: =H3+Monthly_Detail!J3 | J3: =A3 | K3: =G3 | L3: =H3 | M3: =I3
A4: =Monthly_Detail!A4 | B4: =Monthly_Detail!B4+Monthly_Detail!D4+Monthly_Detail!F4 | C4: =Monthly_Detail!C4+Monthly_Detail!E4+Monthly_Detail!G4 | D4: =C4-B4 | E4: =D4/B4 | F4: =IF(D4<0,"Favorable-Green",IF(OR(D4>20,D4/B4>0.05),"Unfavorable-Red","Watch")) | G4: =Monthly_Detail!H4 | H4: =G4+Monthly_Detail!I4 | I4: =H4+Monthly_Detail!J4 | J4: =A4 | K4: =G4 | L4: =H4 | M4: =I4
A5: =Monthly_Detail!A5 | B5: =Monthly_Detail!B5+Monthly_Detail!D5+Monthly_Detail!F5 | C5: =Monthly_Detail!C5+Monthly_Detail!E5+Monthly_Detail!G5 | D5: =C5-B5 | E5: =D5/B5 | F5: =IF(D5<0,"Favorable-Green",IF(OR(D5>20,D5/B5>0.05),"Unfavorable-Red","Watch")) | G5: =Monthly_Detail!H5 | H5: =G5+Monthly_Detail!I5 | I5: =H5+Monthly_Detail!J5 | J5: =A5 | K5: =G5 | L5: =H5 | M5: =I5
A6: TOTAL | B6: =SUM(B2:B5) | C6: =SUM(C2:C5) | D6: =C6-B6 | E6: =D6/B6

Sheet Conclusions
A1: Three conclusions for management
A3: 1. R&D has the largest overspend: quarterly unfavorable 40 ($000s, 6.35%), with consecutive unfavorable months in Feb (+20) and Mar (+30). Do not be misled by January's favorable -10.
A4: 2. Marketing is red because of March: Jan-Feb still favorable -7, then March +30 drives the quarter to +23 (6.97%). The issue is March spend, not even overspend.
A5: 3. Sales is over the line (+25, 5.21%) for two consecutive months; G&A is favorable -5 (-2.04%) green. Company total +83 / 1685 = 4.93% would hide three red departments.
A7: Threshold: red if quarterly unfavorable >20 or variance rate >5% of department quarterly budget. Green if favorable.
A8: Formulas live on Monthly_Detail and Dept_Summary. Amounts in $000s.
