Workbook

Sheet Assumptions
A1: Item | B1: M1 | C1: M2 | D1: M3 | E1: M4 | F1: M5 | G1: M6
A2: Base_Revenue | B2: 1.2 | C2: 1.3 | D2: 1.5 | E2: 1.4 | F2: 1.6 | G2: 1.8
A3: Downside_Factor | B3: 0.85 | C3: 0.85 | D3: 0.85 | E3: 0.85 | F3: 0.85 | G3: 0.85
A4: VC_Rate | B4: 0.32
A5: Fixed | B5: 0.75 | C5: 0.75 | D5: 0.75 | E5: 0.75 | F5: 0.75 | G5: 0.75
A6: Capex | B6: 0.2 | C6: 0 | D6: 0.5 | E6: 0 | F6: 0.3 | G6: 0
A7: Financing | B7: 0 | C7: 0.5 | D7: 0 | E7: 0 | F7: 0 | G7: 0
A8: Opening_Cash_M1 | B8: 2
A9: Min_Cash | B9: 0.8
A10: Downside_Revenue_M1 | B10: =B2*B3 | C10: =C2*C3 | D10: =D2*D3 | E10: =E2*E3 | F10: =F2*F3 | G10: =G2*G3

Sheet Base
A1: Line | B1: M1 | C1: M2 | D1: M3 | E1: M4 | F1: M5 | G1: M6
A2: Opening | B2: =Assumptions!B8 | C2: =B8 | D2: =C8 | E2: =D8 | F2: =E8 | G2: =F8
A3: Revenue | B3: =Assumptions!B2 | C3: =Assumptions!C2 | D3: =Assumptions!D2 | E3: =Assumptions!E2 | F3: =Assumptions!F2 | G3: =Assumptions!G2
A4: VC | B4: =B3*Assumptions!$B$4 | C4: =C3*Assumptions!$B$4 | D4: =D3*Assumptions!$B$4 | E4: =E3*Assumptions!$B$4 | F4: =F3*Assumptions!$B$4 | G4: =G3*Assumptions!$B$4
A5: Fixed | B5: =Assumptions!B5 | C5: =Assumptions!C5 | D5: =Assumptions!D5 | E5: =Assumptions!E5 | F5: =Assumptions!F5 | G5: =Assumptions!G5
A6: Capex | B6: =Assumptions!B6 | C6: =Assumptions!C6 | D6: =Assumptions!D6 | E6: =Assumptions!E6 | F6: =Assumptions!F6 | G6: =Assumptions!G6
A7: Financing | B7: =Assumptions!B7 | C7: =Assumptions!C7 | D7: =Assumptions!D7 | E7: =Assumptions!E7 | F7: =Assumptions!F7 | G7: =Assumptions!G7
A8: Ending | B8: =B2+B3-B4-B5-B6+B7 | C8: =C2+C3-C4-C5-C6+C7 | D8: =D2+D3-D4-D5-D6+D7 | E8: =E2+E3-E4-E5-E6+E7 | F8: =F2+F3-F4-F5-F6+F7 | G8: =G2+G3-G4-G5-G6+G7
A9: vs_Min | B9: =IF(B8>=Assumptions!$B$9,"OK","BREACH") | C9: =IF(C8>=Assumptions!$B$9,"OK","BREACH") | D9: =IF(D8>=Assumptions!$B$9,"OK","BREACH") | E9: =IF(E8>=Assumptions!$B$9,"OK","BREACH") | F9: =IF(F8>=Assumptions!$B$9,"OK","BREACH") | G9: =IF(G8>=Assumptions!$B$9,"OK","BREACH")

Sheet Downside
A1: Line | B1: M1 | C1: M2 | D1: M3 | E1: M4 | F1: M5 | G1: M6
A2: Opening | B2: =Assumptions!B8 | C2: =B8 | D2: =C8 | E2: =D8 | F2: =E8 | G2: =F8
A3: Revenue | B3: =Assumptions!B10 | C3: =Assumptions!C10 | D3: =Assumptions!D10 | E3: =Assumptions!E10 | F3: =Assumptions!F10 | G3: =Assumptions!G10
A4: VC | B4: =B3*Assumptions!$B$4 | C4: =C3*Assumptions!$B$4 | D4: =D3*Assumptions!$B$4 | E4: =E3*Assumptions!$B$4 | F4: =F3*Assumptions!$B$4 | G4: =G3*Assumptions!$B$4
A5: Fixed | B5: =Assumptions!B5 | C5: =Assumptions!C5 | D5: =Assumptions!D5 | E5: =Assumptions!E5 | F5: =Assumptions!F5 | G5: =Assumptions!G5
A6: Capex | B6: =Assumptions!B6 | C6: =Assumptions!C6 | D6: =Assumptions!D6 | E6: =Assumptions!E6 | F6: =Assumptions!F6 | G6: =Assumptions!G6
A7: Financing | B7: =Assumptions!B7 | C7: =Assumptions!C7 | D7: =Assumptions!D7 | E7: =Assumptions!E7 | F7: =Assumptions!F7 | G7: =Assumptions!G7
A8: Ending | B8: =B2+B3-B4-B5-B6+B7 | C8: =C2+C3-C4-C5-C6+C7 | D8: =D2+D3-D4-D5-D6+D7 | E8: =E2+E3-E4-E5-E6+E7 | F8: =F2+F3-F4-F5-F6+F7 | G8: =G2+G3-G4-G5-G6+G7
A9: vs_Min | B9: =IF(B8>=Assumptions!$B$9,"OK","BREACH") | C9: =IF(C8>=Assumptions!$B$9,"OK","BREACH") | D9: =IF(D8>=Assumptions!$B$9,"OK","BREACH") | E9: =IF(E8>=Assumptions!$B$9,"OK","BREACH") | F9: =IF(F8>=Assumptions!$B$9,"OK","BREACH") | G9: =IF(G8>=Assumptions!$B$9,"OK","BREACH")

Sheet Dashboard
A1: Six-month cash dashboard
A3: Month | B3: M1 | C3: M2 | D3: M3 | E3: M4 | F3: M5 | G3: M6
A4: Base_Ending | B4: =Base!B8 | C4: =Base!C8 | D4: =Base!D8 | E4: =Base!E8 | F4: =Base!F8 | G4: =Base!G8
A5: Downside_Ending | B5: =Downside!B8 | C5: =Downside!C8 | D5: =Downside!D8 | E5: =Downside!E8 | F5: =Downside!F8 | G5: =Downside!G8
A6: Min_Cash | B6: =Assumptions!$B$9 | C6: =Assumptions!$B$9 | D6: =Assumptions!$B$9 | E6: =Assumptions!$B$9 | F6: =Assumptions!$B$9 | G6: =Assumptions!$B$9
A8: Base_M6 | B8: =Base!G8
A9: Downside_M6 | B9: =Downside!G8
A10: Tightest_Base | B10: =MIN(B4:G4)
A11: Tightest_Downside | B11: =MIN(B5:G5)
A12: Any_breach | B12: =IF(OR(COUNTIF(Base!B9:G9,"BREACH")>0,COUNTIF(Downside!B9:G9,"BREACH")>0),"YES","NO")
A14: Both scenarios stay above 0.800. Tightest downside months are M1 and M5. M2 financing 0.500 is a key injection in both cases.
