Workbook

Sheet Replenishment
A1: 补货计算器（黄色=输入；绿色=公式）
A2: 目标覆盖附加天数 | B2: 14
A4: SKU | B4: On Hand | C4: Avg Daily Demand | D4: Lead Time Days | E4: Safety Stock | F4: Open PO | G4: Case Pack | H4: Reorder Point | I4: Available (OH+PO) | J4: Trigger? | K4: Target Stock | L4: Raw Need | M4: Order Qty (case rounded) | N4: Days of Cover (Avail/Demand) | O4: Order Cases
A5: A | B5: 120 | C5: 8 | D5: 10 | E5: 40 | F5: 0 | G5: 20 | H5: =C5*D5+E5 | I5: =B5+F5 | J5: =IF(I5<=H5,"YES","NO") | K5: =C5*(D5+$B$2)+E5 | L5: =MAX(0,K5-B5-F5) | M5: =IF(J5="YES",CEILING(L5,G5),0) | N5: =IF(C5=0,"",I5/C5) | O5: =IF(G5=0,0,M5/G5)
A6: B | B6: 500 | C6: 12 | D6: 7 | E6: 60 | F6: 100 | G6: 50 | H6: =C6*D6+E6 | I6: =B6+F6 | J6: =IF(I6<=H6,"YES","NO") | K6: =C6*(D6+$B$2)+E6 | L6: =MAX(0,K6-B6-F6) | M6: =IF(J6="YES",CEILING(L6,G6),0) | N6: =IF(C6=0,"",I6/C6) | O6: =IF(G6=0,0,M6/G6)
A7: C | B7: 40 | C7: 5 | D7: 14 | E7: 25 | F7: 0 | G7: 10 | H7: =C7*D7+E7 | I7: =B7+F7 | J7: =IF(I7<=H7,"YES","NO") | K7: =C7*(D7+$B$2)+E7 | L7: =MAX(0,K7-B7-F7) | M7: =IF(J7="YES",CEILING(L7,G7),0) | N7: =IF(C7=0,"",I7/C7) | O7: =IF(G7=0,0,M7/G7)
A8: D | B8: 200 | C8: 20 | D8: 5 | E8: 50 | F8: 0 | G8: 25 | H8: =C8*D8+E8 | I8: =B8+F8 | J8: =IF(I8<=H8,"YES","NO") | K8: =C8*(D8+$B$2)+E8 | L8: =MAX(0,K8-B8-F8) | M8: =IF(J8="YES",CEILING(L8,G8),0) | N8: =IF(C8=0,"",I8/C8) | O8: =IF(G8=0,0,M8/G8)
A9: E | B9: 75 | C9: 4 | D9: 21 | E9: 30 | F9: 50 | G9: 10 | H9: =C9*D9+E9 | I9: =B9+F9 | J9: =IF(I9<=H9,"YES","NO") | K9: =C9*(D9+$B$2)+E9 | L9: =MAX(0,K9-B9-F9) | M9: =IF(J9="YES",CEILING(L9,G9),0) | N9: =IF(C9=0,"",I9/C9) | O9: =IF(G9=0,0,M9/G9)
A10: F | B10: 0 | C10: 3 | D10: 30 | E10: 20 | F10: 30 | G10: 25 | H10: =C10*D10+E10 | I10: =B10+F10 | J10: =IF(I10<=H10,"YES","NO") | K10: =C10*(D10+$B$2)+E10 | L10: =MAX(0,K10-B10-F10) | M10: =IF(J10="YES",CEILING(L10,G10),0) | N10: =IF(C10=0,"",I10/C10) | O10: =IF(G10=0,0,M10/G10)
A11: G | B11: 90 | C11: 6 | D11: 12 | E11: 36 | F11: 0 | G11: 12 | H11: =C11*D11+E11 | I11: =B11+F11 | J11: =IF(I11<=H11,"YES","NO") | K11: =C11*(D11+$B$2)+E11 | L11: =MAX(0,K11-B11-F11) | M11: =IF(J11="YES",CEILING(L11,G11),0) | N11: =IF(C11=0,"",I11/C11) | O11: =IF(G11=0,0,M11/G11)
A12: H | B12: 1000 | C12: 25 | D12: 14 | E12: 100 | F12: 500 | G12: 100 | H12: =C12*D12+E12 | I12: =B12+F12 | J12: =IF(I12<=H12,"YES","NO") | K12: =C12*(D12+$B$2)+E12 | L12: =MAX(0,K12-B12-F12) | M12: =IF(J12="YES",CEILING(L12,G12),0) | N12: =IF(C12=0,"",I12/C12) | O12: =IF(G12=0,0,M12/G12)
A14: 合计下单量 | M14: =SUM(M5:M12)
A15: 触发 SKU 数 | M15: =COUNTIF(J5:J12,"YES")
A17: 公式：Reorder Point = Avg Daily Demand×Lead Time + Safety Stock；触发条件 On Hand+Open PO ≤ ROP；目标库存 = Demand×(Lead Time+14) + Safety Stock；
A18: 建议下单量 = MAX(0, 目标库存 − On Hand − Open PO) 向上取整到 Case Pack 整数倍（CEILING）。

Sheet Exceptions
A1: 异常检查（全部为公式，引用 Replenishment）
A2: SKU | B2: Stockout (On Hand=0) | C2: Cover < Lead Time | D2: At/Below ROP by ≤5% | E2: Overstock (Cover > 2×(LT+14)) | F2: Open PO but still triggered | G2: Negative/zero input | H2: Notes
A3: =Replenishment!A5 | B3: =IF(Replenishment!B5=0,"YES","") | C3: =IF(Replenishment!N5<Replenishment!D5,"YES","") | D3: =IF(AND(Replenishment!I5<=Replenishment!H5,Replenishment!I5>=Replenishment!H5*0.95),"YES","") | E3: =IF(Replenishment!N5>2*(Replenishment!D5+Replenishment!$B$2),"YES","") | F3: =IF(AND(Replenishment!F5>0,Replenishment!J5="YES"),"YES","") | G3: =IF(OR(Replenishment!B5<0,Replenishment!C5<=0,Replenishment!D5<=0,Replenishment!G5<=0),"YES","") | H3: 可用量 120 恰等于 ROP 120，边界触发
A4: =Replenishment!A6 | B4: =IF(Replenishment!B6=0,"YES","") | C4: =IF(Replenishment!N6<Replenishment!D6,"YES","") | D4: =IF(AND(Replenishment!I6<=Replenishment!H6,Replenishment!I6>=Replenishment!H6*0.95),"YES","") | E4: =IF(Replenishment!N6>2*(Replenishment!D6+Replenishment!$B$2),"YES","") | F4: =IF(AND(Replenishment!F6>0,Replenishment!J6="YES"),"YES","") | G4: =IF(OR(Replenishment!B6<0,Replenishment!C6<=0,Replenishment!D6<=0,Replenishment!G6<=0),"YES","")
A5: =Replenishment!A7 | B5: =IF(Replenishment!B7=0,"YES","") | C5: =IF(Replenishment!N7<Replenishment!D7,"YES","") | D5: =IF(AND(Replenishment!I7<=Replenishment!H7,Replenishment!I7>=Replenishment!H7*0.95),"YES","") | E5: =IF(Replenishment!N7>2*(Replenishment!D7+Replenishment!$B$2),"YES","") | F5: =IF(AND(Replenishment!F7>0,Replenishment!J7="YES"),"YES","") | G5: =IF(OR(Replenishment!B7<0,Replenishment!C7<=0,Replenishment!D7<=0,Replenishment!G7<=0),"YES","") | H5: 覆盖 8 天 < 交期 14 天，缺货风险高
A6: =Replenishment!A8 | B6: =IF(Replenishment!B8=0,"YES","") | C6: =IF(Replenishment!N8<Replenishment!D8,"YES","") | D6: =IF(AND(Replenishment!I8<=Replenishment!H8,Replenishment!I8>=Replenishment!H8*0.95),"YES","") | E6: =IF(Replenishment!N8>2*(Replenishment!D8+Replenishment!$B$2),"YES","") | F6: =IF(AND(Replenishment!F8>0,Replenishment!J8="YES"),"YES","") | G6: =IF(OR(Replenishment!B8<0,Replenishment!C8<=0,Replenishment!D8<=0,Replenishment!G8<=0),"YES","")
A7: =Replenishment!A9 | B7: =IF(Replenishment!B9=0,"YES","") | C7: =IF(Replenishment!N9<Replenishment!D9,"YES","") | D7: =IF(AND(Replenishment!I9<=Replenishment!H9,Replenishment!I9>=Replenishment!H9*0.95),"YES","") | E7: =IF(Replenishment!N9>2*(Replenishment!D9+Replenishment!$B$2),"YES","") | F7: =IF(AND(Replenishment!F9>0,Replenishment!J9="YES"),"YES","") | G7: =IF(OR(Replenishment!B9<0,Replenishment!C9<=0,Replenishment!D9<=0,Replenishment!G9<=0),"YES","") | H7: 可用 125 vs ROP 114，接近触发（约 3 天需求）
A8: =Replenishment!A10 | B8: =IF(Replenishment!B10=0,"YES","") | C8: =IF(Replenishment!N10<Replenishment!D10,"YES","") | D8: =IF(AND(Replenishment!I10<=Replenishment!H10,Replenishment!I10>=Replenishment!H10*0.95),"YES","") | E8: =IF(Replenishment!N10>2*(Replenishment!D10+Replenishment!$B$2),"YES","") | F8: =IF(AND(Replenishment!F10>0,Replenishment!J10="YES"),"YES","") | G8: =IF(OR(Replenishment!B10<0,Replenishment!C10<=0,Replenishment!D10<=0,Replenishment!G10<=0),"YES","") | H8: On Hand=0，Open PO 30 仅覆盖 10 天，交期 30 天，需加急
A9: =Replenishment!A11 | B9: =IF(Replenishment!B11=0,"YES","") | C9: =IF(Replenishment!N11<Replenishment!D11,"YES","") | D9: =IF(AND(Replenishment!I11<=Replenishment!H11,Replenishment!I11>=Replenishment!H11*0.95),"YES","") | E9: =IF(Replenishment!N11>2*(Replenishment!D11+Replenishment!$B$2),"YES","") | F9: =IF(AND(Replenishment!F11>0,Replenishment!J11="YES"),"YES","") | G9: =IF(OR(Replenishment!B11<0,Replenishment!C11<=0,Replenishment!D11<=0,Replenishment!G11<=0),"YES","")
A10: =Replenishment!A12 | B10: =IF(Replenishment!B12=0,"YES","") | C10: =IF(Replenishment!N12<Replenishment!D12,"YES","") | D10: =IF(AND(Replenishment!I12<=Replenishment!H12,Replenishment!I12>=Replenishment!H12*0.95),"YES","") | E10: =IF(Replenishment!N12>2*(Replenishment!D12+Replenishment!$B$2),"YES","") | F10: =IF(AND(Replenishment!F12>0,Replenishment!J12="YES"),"YES","") | G10: =IF(OR(Replenishment!B12<0,Replenishment!C12<=0,Replenishment!D12<=0,Replenishment!G12<=0),"YES","") | H10: 覆盖 60 天，远超交期，检查是否过量

Sheet Purchase List
A1: 采购清单（仅触发的 SKU 有下单量；引用 Replenishment）
A2: SKU | B2: Trigger? | C2: Order Qty | D2: Cases | E2: Case Pack | F2: Lead Time Days | G2: Priority | H2: Comment
A3: =Replenishment!A5 | B3: =Replenishment!J5 | C3: =Replenishment!M5 | D3: =Replenishment!O5 | E3: =Replenishment!G5 | F3: =Replenishment!D5 | G3: =IF(Replenishment!J5<>"YES","",IF(Replenishment!B5=0,"P1-Expedite",IF(Replenishment!N5<Replenishment!D5,"P1","P2")))
A4: =Replenishment!A6 | B4: =Replenishment!J6 | C4: =Replenishment!M6 | D4: =Replenishment!O6 | E4: =Replenishment!G6 | F4: =Replenishment!D6 | G4: =IF(Replenishment!J6<>"YES","",IF(Replenishment!B6=0,"P1-Expedite",IF(Replenishment!N6<Replenishment!D6,"P1","P2")))
A5: =Replenishment!A7 | B5: =Replenishment!J7 | C5: =Replenishment!M7 | D5: =Replenishment!O7 | E5: =Replenishment!G7 | F5: =Replenishment!D7 | G5: =IF(Replenishment!J7<>"YES","",IF(Replenishment!B7=0,"P1-Expedite",IF(Replenishment!N7<Replenishment!D7,"P1","P2")))
A6: =Replenishment!A8 | B6: =Replenishment!J8 | C6: =Replenishment!M8 | D6: =Replenishment!O8 | E6: =Replenishment!G8 | F6: =Replenishment!D8 | G6: =IF(Replenishment!J8<>"YES","",IF(Replenishment!B8=0,"P1-Expedite",IF(Replenishment!N8<Replenishment!D8,"P1","P2")))
A7: =Replenishment!A9 | B7: =Replenishment!J9 | C7: =Replenishment!M9 | D7: =Replenishment!O9 | E7: =Replenishment!G9 | F7: =Replenishment!D9 | G7: =IF(Replenishment!J9<>"YES","",IF(Replenishment!B9=0,"P1-Expedite",IF(Replenishment!N9<Replenishment!D9,"P1","P2")))
A8: =Replenishment!A10 | B8: =Replenishment!J10 | C8: =Replenishment!M10 | D8: =Replenishment!O10 | E8: =Replenishment!G10 | F8: =Replenishment!D10 | G8: =IF(Replenishment!J10<>"YES","",IF(Replenishment!B10=0,"P1-Expedite",IF(Replenishment!N10<Replenishment!D10,"P1","P2")))
A9: =Replenishment!A11 | B9: =Replenishment!J11 | C9: =Replenishment!M11 | D9: =Replenishment!O11 | E9: =Replenishment!G11 | F9: =Replenishment!D11 | G9: =IF(Replenishment!J11<>"YES","",IF(Replenishment!B11=0,"P1-Expedite",IF(Replenishment!N11<Replenishment!D11,"P1","P2")))
A10: =Replenishment!A12 | B10: =Replenishment!J12 | C10: =Replenishment!M12 | D10: =Replenishment!O12 | E10: =Replenishment!G12 | F10: =Replenishment!D12 | G10: =IF(Replenishment!J12<>"YES","",IF(Replenishment!B12=0,"P1-Expedite",IF(Replenishment!N12<Replenishment!D12,"P1","P2")))
A12: 合计 | C12: =SUM(C3:C10)
