Workbook

Sheet Raw
A1: Order_ID | B1: Date | C1: Region | D1: Rep | E1: Product | F1: Units | G1: Unit_Price | H1: Status | I1: Dup_Key | J1: Dup_Count | K1: Keep_Flag
A2: 1001 | B2: 2026-07-01 | C2: North | D2: A. Chen | E2: Alpha | F2: 10 | G2: 120 | H2: Completed | I2: =A2&"|"&B2&"|"&C2&"|"&D2&"|"&E2&"|"&F2&"|"&G2&"|"&H2 | J2: =COUNTIF($I$2:$I$16,I2) | K2: =IF(COUNTIF($I$2:I2,I2)=1,"Keep","Drop-exact duplicate")
A3: 1002 | B3: 7/1/2026 | C3: north | D3: Alex Chen | E3: Beta | F3: 5 | G3: 200 | H3: Completed | I3: =A3&"|"&B3&"|"&C3&"|"&D3&"|"&E3&"|"&F3&"|"&G3&"|"&H3 | J3: =COUNTIF($I$2:$I$16,I3) | K3: =IF(COUNTIF($I$2:I3,I3)=1,"Keep","Drop-exact duplicate")
A4: 1003 | B4: 2026/07/02 | C4: SOUTH | D4: Maria Li | E4: Alpha | F4: 8 | G4: 120 | H4: Completed | I4: =A4&"|"&B4&"|"&C4&"|"&D4&"|"&E4&"|"&F4&"|"&G4&"|"&H4 | J4: =COUNTIF($I$2:$I$16,I4) | K4: =IF(COUNTIF($I$2:I4,I4)=1,"Keep","Drop-exact duplicate")
A5: 1004 | B5: 02-Jul-2026 | C5: South | D5: Maria Li | E5: Gamma | F5: 3 | G5: 500 | H5: Cancelled | I5: =A5&"|"&B5&"|"&C5&"|"&D5&"|"&E5&"|"&F5&"|"&G5&"|"&H5 | J5: =COUNTIF($I$2:$I$16,I5) | K5: =IF(COUNTIF($I$2:I5,I5)=1,"Keep","Drop-exact duplicate")
A6: 1005 | B6: 2026-07-03 | C6: East | D6: Sam Wu | E6: Alpha | F6: -2 | G6: 120 | H6: Refund | I6: =A6&"|"&B6&"|"&C6&"|"&D6&"|"&E6&"|"&F6&"|"&G6&"|"&H6 | J6: =COUNTIF($I$2:$I$16,I6) | K6: =IF(COUNTIF($I$2:I6,I6)=1,"Keep","Drop-exact duplicate")
A7: 1006 | B7: 2026-07-03 | C7: east | D7: Sam Wu | E7: Beta | F7: 4 | G7: 200 | H7: Completed | I7: =A7&"|"&B7&"|"&C7&"|"&D7&"|"&E7&"|"&F7&"|"&G7&"|"&H7 | J7: =COUNTIF($I$2:$I$16,I7) | K7: =IF(COUNTIF($I$2:I7,I7)=1,"Keep","Drop-exact duplicate")
A8: 1007 | B8: 2026-07-04 | C8: West | D8: Nina Ko | E8: Gamma | F8: 2 | G8: 500 | H8: Completed | I8: =A8&"|"&B8&"|"&C8&"|"&D8&"|"&E8&"|"&F8&"|"&G8&"|"&H8 | J8: =COUNTIF($I$2:$I$16,I8) | K8: =IF(COUNTIF($I$2:I8,I8)=1,"Keep","Drop-exact duplicate")
A9: 1007 | B9: 2026-07-04 | C9: West | D9: Nina Ko | E9: Gamma | F9: 2 | G9: 500 | H9: Completed | I9: =A9&"|"&B9&"|"&C9&"|"&D9&"|"&E9&"|"&F9&"|"&G9&"|"&H9 | J9: =COUNTIF($I$2:$I$16,I9) | K9: =IF(COUNTIF($I$2:I9,I9)=1,"Keep","Drop-exact duplicate")
A10: 1008 | B10: 2026-07-05 | C10: west | D10: Nina K. | E10: Alpha | F10: 6 | G10: 120 | H10: Completed | I10: =A10&"|"&B10&"|"&C10&"|"&D10&"|"&E10&"|"&F10&"|"&G10&"|"&H10 | J10: =COUNTIF($I$2:$I$16,I10) | K10: =IF(COUNTIF($I$2:I10,I10)=1,"Keep","Drop-exact duplicate")
A11: 1009 | B11: 2026-07-05 | D11: Jordan | E11: Beta | F11: 7 | G11: 200 | H11: Completed | I11: =A11&"|"&B11&"|"&C11&"|"&D11&"|"&E11&"|"&F11&"|"&G11&"|"&H11 | J11: =COUNTIF($I$2:$I$16,I11) | K11: =IF(COUNTIF($I$2:I11,I11)=1,"Keep","Drop-exact duplicate")
A12: 1010 | B12: 2026-07-06 | C12: North | D12: A Chen | E12: Alpha | F12: 10 | G12: 120 | H12: Completed | I12: =A12&"|"&B12&"|"&C12&"|"&D12&"|"&E12&"|"&F12&"|"&G12&"|"&H12 | J12: =COUNTIF($I$2:$I$16,I12) | K12: =IF(COUNTIF($I$2:I12,I12)=1,"Keep","Drop-exact duplicate")
A13: 1011 | B13: 2026-07-06 | C13: North | D13: Alex Chen | E13: Beta | F13: 5 | G13: 200 | H13: Pending | I13: =A13&"|"&B13&"|"&C13&"|"&D13&"|"&E13&"|"&F13&"|"&G13&"|"&H13 | J13: =COUNTIF($I$2:$I$16,I13) | K13: =IF(COUNTIF($I$2:I13,I13)=1,"Keep","Drop-exact duplicate")
A14: 1012 | B14: 2026-07-07 | C14: East | D14: Sam Wu | E14: Gamma | F14: 1 | G14: 500 | H14: Completed | I14: =A14&"|"&B14&"|"&C14&"|"&D14&"|"&E14&"|"&F14&"|"&G14&"|"&H14 | J14: =COUNTIF($I$2:$I$16,I14) | K14: =IF(COUNTIF($I$2:I14,I14)=1,"Keep","Drop-exact duplicate")
A15: 1013 | B15: 2026-07-07 | C15: South | D15: Maria Li | E15: Beta | F15: 5 | G15: 200 | H15: Completed | I15: =A15&"|"&B15&"|"&C15&"|"&D15&"|"&E15&"|"&F15&"|"&G15&"|"&H15 | J15: =COUNTIF($I$2:$I$16,I15) | K15: =IF(COUNTIF($I$2:I15,I15)=1,"Keep","Drop-exact duplicate")
A16: 1014 | B16: 2026-07-08 | C16: West | D16: Nina Ko | E16: Alpha | F16: -3 | G16: 120 | H16: Refund | I16: =A16&"|"&B16&"|"&C16&"|"&D16&"|"&E16&"|"&F16&"|"&G16&"|"&H16 | J16: =COUNTIF($I$2:$I$16,I16) | K16: =IF(COUNTIF($I$2:I16,I16)=1,"Keep","Drop-exact duplicate")
A18: 原始数据原样保留（黄色=输入）。I:K 列为公式：Dup_Key 拼接全部字段；Dup_Count 统计完全重复次数；Keep_Flag 对完全重复行只保留首条。
A19: Raw 中 1007 出现两次且所有字段完全相同 → 第 9 行标记 Drop-exact duplicate；1001/1010（不同日期）为相似但非重复订单，均保留。

Sheet Clean
A1: Order_ID | B1: Date (normalized) | C1: Source_Date_Text | D1: Region | E1: Rep | F1: Product | G1: Units | H1: Unit_Price | I1: Status | J1: Net_Revenue | K1: Exception_Flag | L1: Raw_Row | N1: Rep_Variant | O1: Rep_Standard
A2: =Raw!A2 | B2: 46204 | C2: =Raw!B2 | D2: =IF(TRIM(Raw!C2)="","Unknown",PROPER(TRIM(Raw!C2))) | E2: =IFERROR(VLOOKUP(TRIM(Raw!D2),$N$2:$O$9,2,FALSE),TRIM(Raw!D2)) | F2: =Raw!E2 | G2: =Raw!F2 | H2: =Raw!G2 | I2: =Raw!H2 | J2: =IF(I2="Completed",G2*H2,IF(I2="Refund",-ABS(G2)*H2,0)) | K2: =TRIM(IF(D2="Unknown","Missing region; ","")&IF(I2="Refund","Refund (negative units); ","")&IF(I2="Pending","Pending=0 revenue; ","")&IF(I2="Cancelled","Cancelled=0 revenue; ","")&IF(Raw!D2<>E2,"Rep normalized; ","")&IF(LEFT(Raw!B2,4)<>"2026","Date format normalized; ","")) | L2: 2 | N2: A. Chen | O2: Alex Chen
A3: =Raw!A3 | B3: 46204 | C3: =Raw!B3 | D3: =IF(TRIM(Raw!C3)="","Unknown",PROPER(TRIM(Raw!C3))) | E3: =IFERROR(VLOOKUP(TRIM(Raw!D3),$N$2:$O$9,2,FALSE),TRIM(Raw!D3)) | F3: =Raw!E3 | G3: =Raw!F3 | H3: =Raw!G3 | I3: =Raw!H3 | J3: =IF(I3="Completed",G3*H3,IF(I3="Refund",-ABS(G3)*H3,0)) | K3: =TRIM(IF(D3="Unknown","Missing region; ","")&IF(I3="Refund","Refund (negative units); ","")&IF(I3="Pending","Pending=0 revenue; ","")&IF(I3="Cancelled","Cancelled=0 revenue; ","")&IF(Raw!D3<>E3,"Rep normalized; ","")&IF(LEFT(Raw!B3,4)<>"2026","Date format normalized; ","")) | L3: 3 | N3: A Chen | O3: Alex Chen
A4: =Raw!A4 | B4: 46205 | C4: =Raw!B4 | D4: =IF(TRIM(Raw!C4)="","Unknown",PROPER(TRIM(Raw!C4))) | E4: =IFERROR(VLOOKUP(TRIM(Raw!D4),$N$2:$O$9,2,FALSE),TRIM(Raw!D4)) | F4: =Raw!E4 | G4: =Raw!F4 | H4: =Raw!G4 | I4: =Raw!H4 | J4: =IF(I4="Completed",G4*H4,IF(I4="Refund",-ABS(G4)*H4,0)) | K4: =TRIM(IF(D4="Unknown","Missing region; ","")&IF(I4="Refund","Refund (negative units); ","")&IF(I4="Pending","Pending=0 revenue; ","")&IF(I4="Cancelled","Cancelled=0 revenue; ","")&IF(Raw!D4<>E4,"Rep normalized; ","")&IF(LEFT(Raw!B4,4)<>"2026","Date format normalized; ","")) | L4: 4 | N4: Alex Chen | O4: Alex Chen
A5: =Raw!A5 | B5: 46205 | C5: =Raw!B5 | D5: =IF(TRIM(Raw!C5)="","Unknown",PROPER(TRIM(Raw!C5))) | E5: =IFERROR(VLOOKUP(TRIM(Raw!D5),$N$2:$O$9,2,FALSE),TRIM(Raw!D5)) | F5: =Raw!E5 | G5: =Raw!F5 | H5: =Raw!G5 | I5: =Raw!H5 | J5: =IF(I5="Completed",G5*H5,IF(I5="Refund",-ABS(G5)*H5,0)) | K5: =TRIM(IF(D5="Unknown","Missing region; ","")&IF(I5="Refund","Refund (negative units); ","")&IF(I5="Pending","Pending=0 revenue; ","")&IF(I5="Cancelled","Cancelled=0 revenue; ","")&IF(Raw!D5<>E5,"Rep normalized; ","")&IF(LEFT(Raw!B5,4)<>"2026","Date format normalized; ","")) | L5: 5 | N5: Nina K. | O5: Nina Ko
A6: =Raw!A6 | B6: 46206 | C6: =Raw!B6 | D6: =IF(TRIM(Raw!C6)="","Unknown",PROPER(TRIM(Raw!C6))) | E6: =IFERROR(VLOOKUP(TRIM(Raw!D6),$N$2:$O$9,2,FALSE),TRIM(Raw!D6)) | F6: =Raw!E6 | G6: =Raw!F6 | H6: =Raw!G6 | I6: =Raw!H6 | J6: =IF(I6="Completed",G6*H6,IF(I6="Refund",-ABS(G6)*H6,0)) | K6: =TRIM(IF(D6="Unknown","Missing region; ","")&IF(I6="Refund","Refund (negative units); ","")&IF(I6="Pending","Pending=0 revenue; ","")&IF(I6="Cancelled","Cancelled=0 revenue; ","")&IF(Raw!D6<>E6,"Rep normalized; ","")&IF(LEFT(Raw!B6,4)<>"2026","Date format normalized; ","")) | L6: 6 | N6: Nina Ko | O6: Nina Ko
A7: =Raw!A7 | B7: 46206 | C7: =Raw!B7 | D7: =IF(TRIM(Raw!C7)="","Unknown",PROPER(TRIM(Raw!C7))) | E7: =IFERROR(VLOOKUP(TRIM(Raw!D7),$N$2:$O$9,2,FALSE),TRIM(Raw!D7)) | F7: =Raw!E7 | G7: =Raw!F7 | H7: =Raw!G7 | I7: =Raw!H7 | J7: =IF(I7="Completed",G7*H7,IF(I7="Refund",-ABS(G7)*H7,0)) | K7: =TRIM(IF(D7="Unknown","Missing region; ","")&IF(I7="Refund","Refund (negative units); ","")&IF(I7="Pending","Pending=0 revenue; ","")&IF(I7="Cancelled","Cancelled=0 revenue; ","")&IF(Raw!D7<>E7,"Rep normalized; ","")&IF(LEFT(Raw!B7,4)<>"2026","Date format normalized; ","")) | L7: 7 | N7: Maria Li | O7: Maria Li
A8: =Raw!A8 | B8: 46207 | C8: =Raw!B8 | D8: =IF(TRIM(Raw!C8)="","Unknown",PROPER(TRIM(Raw!C8))) | E8: =IFERROR(VLOOKUP(TRIM(Raw!D8),$N$2:$O$9,2,FALSE),TRIM(Raw!D8)) | F8: =Raw!E8 | G8: =Raw!F8 | H8: =Raw!G8 | I8: =Raw!H8 | J8: =IF(I8="Completed",G8*H8,IF(I8="Refund",-ABS(G8)*H8,0)) | K8: =TRIM(IF(D8="Unknown","Missing region; ","")&IF(I8="Refund","Refund (negative units); ","")&IF(I8="Pending","Pending=0 revenue; ","")&IF(I8="Cancelled","Cancelled=0 revenue; ","")&IF(Raw!D8<>E8,"Rep normalized; ","")&IF(LEFT(Raw!B8,4)<>"2026","Date format normalized; ","")) | L8: 8 | N8: Sam Wu | O8: Sam Wu
A9: =Raw!A10 | B9: 46208 | C9: =Raw!B10 | D9: =IF(TRIM(Raw!C10)="","Unknown",PROPER(TRIM(Raw!C10))) | E9: =IFERROR(VLOOKUP(TRIM(Raw!D10),$N$2:$O$9,2,FALSE),TRIM(Raw!D10)) | F9: =Raw!E10 | G9: =Raw!F10 | H9: =Raw!G10 | I9: =Raw!H10 | J9: =IF(I9="Completed",G9*H9,IF(I9="Refund",-ABS(G9)*H9,0)) | K9: =TRIM(IF(D9="Unknown","Missing region; ","")&IF(I9="Refund","Refund (negative units); ","")&IF(I9="Pending","Pending=0 revenue; ","")&IF(I9="Cancelled","Cancelled=0 revenue; ","")&IF(Raw!D10<>E9,"Rep normalized; ","")&IF(LEFT(Raw!B10,4)<>"2026","Date format normalized; ","")) | L9: 10 | N9: Jordan | O9: Jordan
A10: =Raw!A11 | B10: 46208 | C10: =Raw!B11 | D10: =IF(TRIM(Raw!C11)="","Unknown",PROPER(TRIM(Raw!C11))) | E10: =IFERROR(VLOOKUP(TRIM(Raw!D11),$N$2:$O$9,2,FALSE),TRIM(Raw!D11)) | F10: =Raw!E11 | G10: =Raw!F11 | H10: =Raw!G11 | I10: =Raw!H11 | J10: =IF(I10="Completed",G10*H10,IF(I10="Refund",-ABS(G10)*H10,0)) | K10: =TRIM(IF(D10="Unknown","Missing region; ","")&IF(I10="Refund","Refund (negative units); ","")&IF(I10="Pending","Pending=0 revenue; ","")&IF(I10="Cancelled","Cancelled=0 revenue; ","")&IF(Raw!D11<>E10,"Rep normalized; ","")&IF(LEFT(Raw!B11,4)<>"2026","Date format normalized; ","")) | L10: 11
A11: =Raw!A12 | B11: 46209 | C11: =Raw!B12 | D11: =IF(TRIM(Raw!C12)="","Unknown",PROPER(TRIM(Raw!C12))) | E11: =IFERROR(VLOOKUP(TRIM(Raw!D12),$N$2:$O$9,2,FALSE),TRIM(Raw!D12)) | F11: =Raw!E12 | G11: =Raw!F12 | H11: =Raw!G12 | I11: =Raw!H12 | J11: =IF(I11="Completed",G11*H11,IF(I11="Refund",-ABS(G11)*H11,0)) | K11: =TRIM(IF(D11="Unknown","Missing region; ","")&IF(I11="Refund","Refund (negative units); ","")&IF(I11="Pending","Pending=0 revenue; ","")&IF(I11="Cancelled","Cancelled=0 revenue; ","")&IF(Raw!D12<>E11,"Rep normalized; ","")&IF(LEFT(Raw!B12,4)<>"2026","Date format normalized; ","")) | L11: 12
A12: =Raw!A13 | B12: 46209 | C12: =Raw!B13 | D12: =IF(TRIM(Raw!C13)="","Unknown",PROPER(TRIM(Raw!C13))) | E12: =IFERROR(VLOOKUP(TRIM(Raw!D13),$N$2:$O$9,2,FALSE),TRIM(Raw!D13)) | F12: =Raw!E13 | G12: =Raw!F13 | H12: =Raw!G13 | I12: =Raw!H13 | J12: =IF(I12="Completed",G12*H12,IF(I12="Refund",-ABS(G12)*H12,0)) | K12: =TRIM(IF(D12="Unknown","Missing region; ","")&IF(I12="Refund","Refund (negative units); ","")&IF(I12="Pending","Pending=0 revenue; ","")&IF(I12="Cancelled","Cancelled=0 revenue; ","")&IF(Raw!D13<>E12,"Rep normalized; ","")&IF(LEFT(Raw!B13,4)<>"2026","Date format normalized; ","")) | L12: 13
A13: =Raw!A14 | B13: 46210 | C13: =Raw!B14 | D13: =IF(TRIM(Raw!C14)="","Unknown",PROPER(TRIM(Raw!C14))) | E13: =IFERROR(VLOOKUP(TRIM(Raw!D14),$N$2:$O$9,2,FALSE),TRIM(Raw!D14)) | F13: =Raw!E14 | G13: =Raw!F14 | H13: =Raw!G14 | I13: =Raw!H14 | J13: =IF(I13="Completed",G13*H13,IF(I13="Refund",-ABS(G13)*H13,0)) | K13: =TRIM(IF(D13="Unknown","Missing region; ","")&IF(I13="Refund","Refund (negative units); ","")&IF(I13="Pending","Pending=0 revenue; ","")&IF(I13="Cancelled","Cancelled=0 revenue; ","")&IF(Raw!D14<>E13,"Rep normalized; ","")&IF(LEFT(Raw!B14,4)<>"2026","Date format normalized; ","")) | L13: 14
A14: =Raw!A15 | B14: 46210 | C14: =Raw!B15 | D14: =IF(TRIM(Raw!C15)="","Unknown",PROPER(TRIM(Raw!C15))) | E14: =IFERROR(VLOOKUP(TRIM(Raw!D15),$N$2:$O$9,2,FALSE),TRIM(Raw!D15)) | F14: =Raw!E15 | G14: =Raw!F15 | H14: =Raw!G15 | I14: =Raw!H15 | J14: =IF(I14="Completed",G14*H14,IF(I14="Refund",-ABS(G14)*H14,0)) | K14: =TRIM(IF(D14="Unknown","Missing region; ","")&IF(I14="Refund","Refund (negative units); ","")&IF(I14="Pending","Pending=0 revenue; ","")&IF(I14="Cancelled","Cancelled=0 revenue; ","")&IF(Raw!D15<>E14,"Rep normalized; ","")&IF(LEFT(Raw!B15,4)<>"2026","Date format normalized; ","")) | L14: 15
A15: =Raw!A16 | B15: 46211 | C15: =Raw!B16 | D15: =IF(TRIM(Raw!C16)="","Unknown",PROPER(TRIM(Raw!C16))) | E15: =IFERROR(VLOOKUP(TRIM(Raw!D16),$N$2:$O$9,2,FALSE),TRIM(Raw!D16)) | F15: =Raw!E16 | G15: =Raw!F16 | H15: =Raw!G16 | I15: =Raw!H16 | J15: =IF(I15="Completed",G15*H15,IF(I15="Refund",-ABS(G15)*H15,0)) | K15: =TRIM(IF(D15="Unknown","Missing region; ","")&IF(I15="Refund","Refund (negative units); ","")&IF(I15="Pending","Pending=0 revenue; ","")&IF(I15="Cancelled","Cancelled=0 revenue; ","")&IF(Raw!D16<>E15,"Rep normalized; ","")&IF(LEFT(Raw!B16,4)<>"2026","Date format normalized; ","")) | L15: 16
A17: 合计 | F17: 订单数 | G17: =COUNTA(A2:A15) | J17: =SUM(J2:J15)
A19: 清洗规则：完全重复行只保留一条（Raw 第 9 行 1007 被剔除）；Region 首字母大写、缺失写 Unknown；Rep 按 N:O 映射表标准化；
A20: Net_Revenue：Completed=Units*Unit_Price；Refund=-ABS(Units)*Unit_Price（题内 Units 已为负）；Cancelled/Pending=0。日期由混合格式统一为 yyyy-mm-dd（原文保留在 Source_Date_Text）。

Sheet Summary
A1: 按 Region 汇总（公式：SUMIFS / COUNTIFS 引用 Clean）
A2: Region | B2: Net_Revenue | C2: Orders | D2: Completed_Orders | E2: Refund_Orders | F2: Avg_Net_per_Order
A3: North | B3: =SUMIFS(Clean!$J$2:$J$15,Clean!$D$2:$D$15,A3) | C3: =COUNTIFS(Clean!$D$2:$D$15,A3) | D3: =COUNTIFS(Clean!$D$2:$D$15,A3,Clean!$I$2:$I$15,"Completed") | E3: =COUNTIFS(Clean!$D$2:$D$15,A3,Clean!$I$2:$I$15,"Refund") | F3: =IF(C3=0,0,B3/C3)
A4: South | B4: =SUMIFS(Clean!$J$2:$J$15,Clean!$D$2:$D$15,A4) | C4: =COUNTIFS(Clean!$D$2:$D$15,A4) | D4: =COUNTIFS(Clean!$D$2:$D$15,A4,Clean!$I$2:$I$15,"Completed") | E4: =COUNTIFS(Clean!$D$2:$D$15,A4,Clean!$I$2:$I$15,"Refund") | F4: =IF(C4=0,0,B4/C4)
A5: East | B5: =SUMIFS(Clean!$J$2:$J$15,Clean!$D$2:$D$15,A5) | C5: =COUNTIFS(Clean!$D$2:$D$15,A5) | D5: =COUNTIFS(Clean!$D$2:$D$15,A5,Clean!$I$2:$I$15,"Completed") | E5: =COUNTIFS(Clean!$D$2:$D$15,A5,Clean!$I$2:$I$15,"Refund") | F5: =IF(C5=0,0,B5/C5)
A6: West | B6: =SUMIFS(Clean!$J$2:$J$15,Clean!$D$2:$D$15,A6) | C6: =COUNTIFS(Clean!$D$2:$D$15,A6) | D6: =COUNTIFS(Clean!$D$2:$D$15,A6,Clean!$I$2:$I$15,"Completed") | E6: =COUNTIFS(Clean!$D$2:$D$15,A6,Clean!$I$2:$I$15,"Refund") | F6: =IF(C6=0,0,B6/C6)
A7: Unknown | B7: =SUMIFS(Clean!$J$2:$J$15,Clean!$D$2:$D$15,A7) | C7: =COUNTIFS(Clean!$D$2:$D$15,A7) | D7: =COUNTIFS(Clean!$D$2:$D$15,A7,Clean!$I$2:$I$15,"Completed") | E7: =COUNTIFS(Clean!$D$2:$D$15,A7,Clean!$I$2:$I$15,"Refund") | F7: =IF(C7=0,0,B7/C7)
A8: Total | B8: =SUM(B3:B7) | C8: =SUM(C3:C7) | D8: =SUM(D3:D7) | E8: =SUM(E3:E7) | F8: =IF(C8=0,0,B8/C8)
A9: Check vs Clean total | B9: =B8-Clean!J17 | C9: =C8-Clean!G17 | D9: 两项应为 0
A12: 按 Rep 汇总
A13: Rep | B13: Net_Revenue | C13: Orders
A14: Alex Chen | B14: =SUMIFS(Clean!$J$2:$J$15,Clean!$E$2:$E$15,A14) | C14: =COUNTIFS(Clean!$E$2:$E$15,A14)
A15: Maria Li | B15: =SUMIFS(Clean!$J$2:$J$15,Clean!$E$2:$E$15,A15) | C15: =COUNTIFS(Clean!$E$2:$E$15,A15)
A16: Sam Wu | B16: =SUMIFS(Clean!$J$2:$J$15,Clean!$E$2:$E$15,A16) | C16: =COUNTIFS(Clean!$E$2:$E$15,A16)
A17: Nina Ko | B17: =SUMIFS(Clean!$J$2:$J$15,Clean!$E$2:$E$15,A17) | C17: =COUNTIFS(Clean!$E$2:$E$15,A17)
A18: Jordan | B18: =SUMIFS(Clean!$J$2:$J$15,Clean!$E$2:$E$15,A18) | C18: =COUNTIFS(Clean!$E$2:$E$15,A18)
A19: Total | B19: =SUM(B14:B18) | C19: =SUM(C14:C18)
A21: 按 Product 汇总
A22: Product | B22: Net_Revenue | C22: Orders
A23: Alpha | B23: =SUMIFS(Clean!$J$2:$J$15,Clean!$F$2:$F$15,A23) | C23: =COUNTIFS(Clean!$F$2:$F$15,A23)
A24: Beta | B24: =SUMIFS(Clean!$J$2:$J$15,Clean!$F$2:$F$15,A24) | C24: =COUNTIFS(Clean!$F$2:$F$15,A24)
A25: Gamma | B25: =SUMIFS(Clean!$J$2:$J$15,Clean!$F$2:$F$15,A25) | C25: =COUNTIFS(Clean!$F$2:$F$15,A25)

Sheet Exceptions
A1: Order_ID | B1: Raw_Row | C1: Exception_Type | D1: Detail | E1: Action_Taken | F1: Needs_Review
A2: 1007 | B2: 9 | C2: Exact duplicate | D2: 与 Raw 第 8 行所有字段完全相同 | E2: 剔除第 9 行，保留第 8 行 | F2: No
A3: 1009 | B3: 11 | C3: Missing region | D3: Region 为空 | E3: Clean 中写 Unknown；收入 1,400 计入 Unknown | F3: Yes - 需销售运营补录区域
A4: 1005 | B4: 6 | C4: Refund (negative units) | D4: Units=-2，Status=Refund | E4: 净收入 = -ABS(-2)×120 = -240 | F4: No
A5: 1014 | B5: 16 | C5: Refund (negative units) | D5: Units=-3，Status=Refund | E5: 净收入 = -ABS(-3)×120 = -360 | F5: No
A6: 1004 | B6: 5 | C6: Cancelled | D6: Status=Cancelled | E6: 净收入 0 | F6: No
A7: 1011 | B7: 13 | C7: Pending | D7: Status=Pending | E7: 净收入 0；转 Completed 后需重算 | F7: Yes - 跟踪状态
A8: 1002 | B8: 3 | C8: Date format | D8: 7/1/2026 → 2026-07-01 | E8: 已标准化（按 M/D/YYYY 解读） | F8: Yes - 确认 M/D 而非 D/M
A9: 1003 | B9: 4 | C9: Date format | D9: 2026/07/02 → 2026-07-02 | E9: 已标准化 | F9: No
A10: 1004 | B10: 5 | C10: Date format | D10: 02-Jul-2026 → 2026-07-02 | E10: 已标准化 | F10: No
A11: 1001 | B11: 2 | C11: Rep variant | D11: A. Chen → Alex Chen | E11: 按映射表标准化 | F11: No
A12: 1010 | B12: 12 | C12: Rep variant | D12: A Chen → Alex Chen | E12: 按映射表标准化 | F12: No
A13: 1008 | B13: 10 | C13: Rep variant | D13: Nina K. → Nina Ko | E13: 按映射表标准化 | F13: No
... A17: 1008 | B17: 10 | C17: Region case | D17: west → West | E17: PROPER() 标准化 | F17: No
A18: 1001 | B18: 2/12 | C18: Similar but NOT duplicate | D18: 1001 与 1010 除日期/ID 外字段相同 | E18: 均保留（非完全重复） | F18: No
A20: 公式核对：Raw 中 Keep_Flag=Drop 的行数 | D20: =COUNTIF(Raw!K2:K16,"Drop-exact duplicate")
A21: 公式核对：Clean 中 Region=Unknown 的行数 | D21: =COUNTIF(Clean!D2:D15,"Unknown")
