Workbook

Sheet Input
A1: Cohort | B1: Signups_M0 | C1: M1_Active | D1: M2_Active | E1: M3_Active | F1: M4_Active
A2: 2026-Jan | B2: 1000 | C2: 720 | D2: 610 | E2: 550 | F2: 500
A3: 2026-Feb | B3: 1200 | C3: 840 | D3: 690 | E3: 600
A4: 2026-Mar | B4: 900 | C4: 630 | D4: 520
A5: 2026-Apr | B5: 1100 | C5: 770
A7: Unobserved months MUST remain blank, never 0.

Sheet Rates
A1: Cohort | B1: N | C1: M0 | D1: M1 | E1: M2 | F1: M3 | G1: M4
A2: =Input!A2 | B2: =Input!B2 | C2: 1 | D2: =IF(Input!C2="","",Input!C2/$B2) | E2: =IF(Input!D2="","",Input!D2/$B2) | F2: =IF(Input!E2="","",Input!E2/$B2) | G2: =IF(Input!F2="","",Input!F2/$B2)
A3: =Input!A3 | B3: =Input!B3 | C3: 1 | D3: =IF(Input!C3="","",Input!C3/$B3) | E3: =IF(Input!D3="","",Input!D3/$B3) | F3: =IF(Input!E3="","",Input!E3/$B3) | G3: =IF(Input!F3="","",Input!F3/$B3)
A4: =Input!A4 | B4: =Input!B4 | C4: 1 | D4: =IF(Input!C4="","",Input!C4/$B4) | E4: =IF(Input!D4="","",Input!D4/$B4) | F4: =IF(Input!E4="","",Input!E4/$B4) | G4: =IF(Input!F4="","",Input!F4/$B4)
A5: =Input!A5 | B5: =Input!B5 | C5: 1 | D5: =IF(Input!C5="","",Input!C5/$B5) | E5: =IF(Input!D5="","",Input!D5/$B5) | F5: =IF(Input!E5="","",Input!E5/$B5) | G5: =IF(Input!F5="","",Input!F5/$B5)

Sheet Weighted
A1: Month | B1: Active_Sum | C1: N_Sum | D1: Weighted_Retention | E1: Cohorts_Included
A2: M0 | B2: =SUM(Input!B2:B5) | C2: =SUM(Input!B2:B5) | D2: =B2/C2 | E2: Jan-Apr
A3: M1 | B3: =SUM(Input!C2:C5) | C3: =SUM(Input!B2:B5) | D3: =B3/C3 | E3: Jan-Apr
A4: M2 | B4: =SUM(Input!D2:D4) | C4: =SUM(Input!B2:B4) | D4: =B4/C4 | E4: Jan-Mar (Apr blank, excluded)
A5: M3 | B5: =SUM(Input!E2:E3) | C5: =SUM(Input!B2:B3) | D5: =B5/C5 | E5: Jan-Feb
A6: M4 | B6: =Input!F2 | C6: =Input!B2 | D6: =B6/C6 | E6: Jan only
A8: Do NOT simple-average percentages. Weighted = sum of actives / sum of signups for available cohorts only.

Sheet Conclusion
A1: 结论（≤250字）
A3: M1 留存：Jan 72%，其后三个 cohort 均为 70%，没有出现引导上线后 M1 改善。2 月 15 日新手引导对 Feb 只覆盖半个月，Mar/Apr 应更充分暴露，但 M1 仍为 70%，低于 Jan。M2：Jan 61.0% vs Feb 57.5%、Mar 57.8%，后期队列更差。3 月 10 日折扣 30%→15% 与 Mar 部分、Apr 全部暴露同期，但无实验、无用户级控制，不能把留存走弱归因于引导无效或折扣下调。目前只能描述：新队列 M1/M2 弱于 Jan，趋势不支持“引导已改善留存”的管理叙事。
