Workbook

Sheet Schedule
A1: 项目计划（工作日排程；起始 2026-09-01；后置任务从所有前置完成后的下一个工作日开始；WORKDAY/NETWORKDAYS 公式）
A2: 项目开始日 | B2: 46266 | D2: 目标上线日 | E2: 46296
A3: ID | B3: Task | C3: Duration (days) | D3: Depends on | E3: Owner | F3: Early Start | G3: Early Finish | H3: Late Start | I3: Late Finish | J3: Total Float (days) | K3: Critical?
A4: A | B4: Requirements | C4: 3 | D4: none | E4: Product | F4: =$B$2 | G4: =WORKDAY(F4,C4-1) | H4: =WORKDAY(I4,-(C4-1)) | I4: =WORKDAY(MIN(H5,H6),-1) | J4: =NETWORKDAYS(F4,H4)-1 | K4: =IF(J4=0,"YES","")
A5: B | B5: Solution design | C5: 4 | D5: A | E5: Engineering | F5: =WORKDAY(G4,1) | G5: =WORKDAY(F5,C5-1) | H5: =WORKDAY(I5,-(C5-1)) | I5: =WORKDAY(MIN(H7,H8),-1) | J5: =NETWORKDAYS(F5,H5)-1 | K5: =IF(J5=0,"YES","")
A6: C | B6: Legal review | C6: 5 | D6: A | E6: Legal | F6: =WORKDAY(G4,1) | G6: =WORKDAY(F6,C6-1) | H6: =WORKDAY(I6,-(C6-1)) | I6: =WORKDAY(H10,-1) | J6: =NETWORKDAYS(F6,H6)-1 | K6: =IF(J6=0,"YES","")
A7: D | B7: Build | C7: 8 | D7: B | E7: Engineering | F7: =WORKDAY(G5,1) | G7: =WORKDAY(F7,C7-1) | H7: =WORKDAY(I7,-(C7-1)) | I7: =WORKDAY(H9,-1) | J7: =NETWORKDAYS(F7,H7)-1 | K7: =IF(J7=0,"YES","")
A8: E | B8: Content | C8: 6 | D8: B | E8: Marketing | F8: =WORKDAY(G5,1) | G8: =WORKDAY(F8,C8-1) | H8: =WORKDAY(I8,-(C8-1)) | I8: =WORKDAY(H9,-1) | J8: =NETWORKDAYS(F8,H8)-1 | K8: =IF(J8=0,"YES","")
A9: F | B9: UAT | C9: 4 | D9: D,E | E9: Product | F9: =WORKDAY(MAX(G7,G8),1) | G9: =WORKDAY(F9,C9-1) | H9: =WORKDAY(I9,-(C9-1)) | I9: =WORKDAY(H10,-1) | J9: =NETWORKDAYS(F9,H9)-1 | K9: =IF(J9=0,"YES","")
A10: G | B10: Training | C10: 3 | D10: C,F | E10: Enablement | F10: =WORKDAY(MAX(G6,G9),1) | G10: =WORKDAY(F10,C10-1) | H10: =WORKDAY(I10,-(C10-1)) | I10: =WORKDAY(H11,-1) | J10: =NETWORKDAYS(F10,H10)-1 | K10: =IF(J10=0,"YES","")
A11: H | B11: Launch | C11: 1 | D11: G | E11: Program Lead | F11: =WORKDAY(G10,1) | G11: =WORKDAY(F11,C11-1) | H11: =WORKDAY(I11,-(C11-1)) | I11: =G11 | J11: =NETWORKDAYS(F11,H11)-1 | K11: =IF(J11=0,"YES","")
A13: 计划上线日（H 的 Early Finish） | B13: =G11
A14: 是否满足 2026-10-01 目标 | B14: =IF(B13<=E2,"YES","NO")
A15: 关键路径 | B15: =SUBSTITUTE(TRIM(IF(K4="YES",A4&" ","")&IF(K5="YES",A5&" ","")&IF(K6="YES",A6&" ","")&IF(K7="YES",A7&" ","")&IF(K8="YES",A8&" ","")&IF(K9="YES",A9&" ","")&IF(K10="YES",A10&" ","")&IF(K11="YES",A11&" ",""))," ","→")
A16: 关键路径总工期（工作日） | B16: =NETWORKDAYS(B2,B13)
A17: Legal 延迟 3 天是否影响上线（C 浮动 ≥3？） | B17: =IF(J6>=3,"不影响（浮动 "&J6&" 天）","影响")
A19: Early Start = 前置任务 Early Finish 的下一个工作日；Early Finish = WORKDAY(ES, Duration−1)；Late Finish 由后继任务 Late Start 倒推；Total Float = NETWORKDAYS(ES, LS) − 1；Float=0 为关键路径。

Sheet Gantt
A1: 简易甘特图（■ = 工作日内执行；灰 = 周末；公式驱动，随 Schedule 变化）
C2: =TEXT(C3,"ddd") | D2: =TEXT(D3,"ddd") | E2: =TEXT(E3,"ddd") | F2: =TEXT(F3,"ddd") | G2: =TEXT(G3,"ddd") | H2: =TEXT(H3,"ddd") | I2: =TEXT(I3,"ddd") | J2: =TEXT(J3,"ddd") | ... AJ2: =TEXT(AJ3,"ddd")
A3: ID | B3: Task | C3: 46265 | D3: 46266 | E3: 46267 | F3: 46268 | G3: 46269 | H3: 46270 | I3: 46271 | J3: 46272 | K3: 46273 | L3: 46274 | M3: 46275 | N3: 46276 | O3: 46277 | P3: 46278 | Q3: 46279 | R3: 46280 | S3: 46281 | T3: 46282 | U3: 46283 | V3: 46284 | W3: 46285 | X3: 46286 | Y3: 46287 | Z3: 46288 | AA3: 46289 | AB3: 46290 | AC3: 46291 | AD3: 46292 | AE3: 46293 | AF3: 46294 | AG3: 46295 | AH3: 46296 | AI3: 46297 | AJ3: 46298
A4: =Schedule!A4 | B4: =Schedule!B4 | C4: =IF(AND(C$3>=Schedule!$F4,C$3<=Schedule!$G4,WEEKDAY(C$3,2)<=5),"■","") | D4: =IF(AND(D$3>=Schedule!$F4,D$3<=Schedule!$G4,WEEKDAY(D$3,2)<=5),"■","") | E4: =IF(AND(E$3>=Schedule!$F4,E$3<=Schedule!$G4,WEEKDAY(E$3,2)<=5),"■","") | F4: =IF(AND(F$3>=Schedule!$F4,F$3<=Schedule!$G4,WEEKDAY(F$3,2)<=5),"■","") | G4: =IF(AND(G$3>=Schedule!$F4,G$3<=Schedule!$G4,WEEKDAY(G$3,2)<=5),"■","") | H4: =IF(AND(H$3>=Schedule!$F4,H$3<=Schedule!$G4,WEEKDAY(H$3,2)<=5),"■","") | I4: =IF(AND(I$3>=Schedule!$F4,I$3<=Schedule!$G4,WEEKDAY(I$3,2)<=5),"■","") | J4: =IF(AND(J$3>=Schedule!$F4,J$3<=Schedule!$G4,WEEKDAY(J$3,2)<=5),"■","") | ... AJ4: =IF(AND(AJ$3>=Schedule!$F4,AJ$3<=Schedule!$G4,WEEKDAY(AJ$3,2)<=5),"■","")
A5: =Schedule!A5 | B5: =Schedule!B5 | C5: =IF(AND(C$3>=Schedule!$F5,C$3<=Schedule!$G5,WEEKDAY(C$3,2)<=5),"■","") | D5: =IF(AND(D$3>=Schedule!$F5,D$3<=Schedule!$G5,WEEKDAY(D$3,2)<=5),"■","") | E5: =IF(AND(E$3>=Schedule!$F5,E$3<=Schedule!$G5,WEEKDAY(E$3,2)<=5),"■","") | F5: =IF(AND(F$3>=Schedule!$F5,F$3<=Schedule!$G5,WEEKDAY(F$3,2)<=5),"■","") | G5: =IF(AND(G$3>=Schedule!$F5,G$3<=Schedule!$G5,WEEKDAY(G$3,2)<=5),"■","") | H5: =IF(AND(H$3>=Schedule!$F5,H$3<=Schedule!$G5,WEEKDAY(H$3,2)<=5),"■","") | I5: =IF(AND(I$3>=Schedule!$F5,I$3<=Schedule!$G5,WEEKDAY(I$3,2)<=5),"■","") | J5: =IF(AND(J$3>=Schedule!$F5,J$3<=Schedule!$G5,WEEKDAY(J$3,2)<=5),"■","") | ... AJ5: =IF(AND(AJ$3>=Schedule!$F5,AJ$3<=Schedule!$G5,WEEKDAY(AJ$3,2)<=5),"■","")
A6: =Schedule!A6 | B6: =Schedule!B6 | C6: =IF(AND(C$3>=Schedule!$F6,C$3<=Schedule!$G6,WEEKDAY(C$3,2)<=5),"■","") | D6: =IF(AND(D$3>=Schedule!$F6,D$3<=Schedule!$G6,WEEKDAY(D$3,2)<=5),"■","") | E6: =IF(AND(E$3>=Schedule!$F6,E$3<=Schedule!$G6,WEEKDAY(E$3,2)<=5),"■","") | F6: =IF(AND(F$3>=Schedule!$F6,F$3<=Schedule!$G6,WEEKDAY(F$3,2)<=5),"■","") | G6: =IF(AND(G$3>=Schedule!$F6,G$3<=Schedule!$G6,WEEKDAY(G$3,2)<=5),"■","") | H6: =IF(AND(H$3>=Schedule!$F6,H$3<=Schedule!$G6,WEEKDAY(H$3,2)<=5),"■","") | I6: =IF(AND(I$3>=Schedule!$F6,I$3<=Schedule!$G6,WEEKDAY(I$3,2)<=5),"■","") | J6: =IF(AND(J$3>=Schedule!$F6,J$3<=Schedule!$G6,WEEKDAY(J$3,2)<=5),"■","") | ... AJ6: =IF(AND(AJ$3>=Schedule!$F6,AJ$3<=Schedule!$G6,WEEKDAY(AJ$3,2)<=5),"■","")
A7: =Schedule!A7 | B7: =Schedule!B7 | C7: =IF(AND(C$3>=Schedule!$F7,C$3<=Schedule!$G7,WEEKDAY(C$3,2)<=5),"■","") | D7: =IF(AND(D$3>=Schedule!$F7,D$3<=Schedule!$G7,WEEKDAY(D$3,2)<=5),"■","") | E7: =IF(AND(E$3>=Schedule!$F7,E$3<=Schedule!$G7,WEEKDAY(E$3,2)<=5),"■","") | F7: =IF(AND(F$3>=Schedule!$F7,F$3<=Schedule!$G7,WEEKDAY(F$3,2)<=5),"■","") | G7: =IF(AND(G$3>=Schedule!$F7,G$3<=Schedule!$G7,WEEKDAY(G$3,2)<=5),"■","") | H7: =IF(AND(H$3>=Schedule!$F7,H$3<=Schedule!$G7,WEEKDAY(H$3,2)<=5),"■","") | I7: =IF(AND(I$3>=Schedule!$F7,I$3<=Schedule!$G7,WEEKDAY(I$3,2)<=5),"■","") | J7: =IF(AND(J$3>=Schedule!$F7,J$3<=Schedule!$G7,WEEKDAY(J$3,2)<=5),"■","") | ... AJ7: =IF(AND(AJ$3>=Schedule!$F7,AJ$3<=Schedule!$G7,WEEKDAY(AJ$3,2)<=5),"■","")
A8: =Schedule!A8 | B8: =Schedule!B8 | C8: =IF(AND(C$3>=Schedule!$F8,C$3<=Schedule!$G8,WEEKDAY(C$3,2)<=5),"■","") | D8: =IF(AND(D$3>=Schedule!$F8,D$3<=Schedule!$G8,WEEKDAY(D$3,2)<=5),"■","") | E8: =IF(AND(E$3>=Schedule!$F8,E$3<=Schedule!$G8,WEEKDAY(E$3,2)<=5),"■","") | F8: =IF(AND(F$3>=Schedule!$F8,F$3<=Schedule!$G8,WEEKDAY(F$3,2)<=5),"■","") | G8: =IF(AND(G$3>=Schedule!$F8,G$3<=Schedule!$G8,WEEKDAY(G$3,2)<=5),"■","") | H8: =IF(AND(H$3>=Schedule!$F8,H$3<=Schedule!$G8,WEEKDAY(H$3,2)<=5),"■","") | I8: =IF(AND(I$3>=Schedule!$F8,I$3<=Schedule!$G8,WEEKDAY(I$3,2)<=5),"■","") | J8: =IF(AND(J$3>=Schedule!$F8,J$3<=Schedule!$G8,WEEKDAY(J$3,2)<=5),"■","") | ... AJ8: =IF(AND(AJ$3>=Schedule!$F8,AJ$3<=Schedule!$G8,WEEKDAY(AJ$3,2)<=5),"■","")
A9: =Schedule!A9 | B9: =Schedule!B9 | C9: =IF(AND(C$3>=Schedule!$F9,C$3<=Schedule!$G9,WEEKDAY(C$3,2)<=5),"■","") | D9: =IF(AND(D$3>=Schedule!$F9,D$3<=Schedule!$G9,WEEKDAY(D$3,2)<=5),"■","") | E9: =IF(AND(E$3>=Schedule!$F9,E$3<=Schedule!$G9,WEEKDAY(E$3,2)<=5),"■","") | F9: =IF(AND(F$3>=Schedule!$F9,F$3<=Schedule!$G9,WEEKDAY(F$3,2)<=5),"■","") | G9: =IF(AND(G$3>=Schedule!$F9,G$3<=Schedule!$G9,WEEKDAY(G$3,2)<=5),"■","") | H9: =IF(AND(H$3>=Schedule!$F9,H$3<=Schedule!$G9,WEEKDAY(H$3,2)<=5),"■","") | I9: =IF(AND(I$3>=Schedule!$F9,I$3<=Schedule!$G9,WEEKDAY(I$3,2)<=5),"■","") | J9: =IF(AND(J$3>=Schedule!$F9,J$3<=Schedule!$G9,WEEKDAY(J$3,2)<=5),"■","") | ... AJ9: =IF(AND(AJ$3>=Schedule!$F9,AJ$3<=Schedule!$G9,WEEKDAY(AJ$3,2)<=5),"■","")
A10: =Schedule!A10 | B10: =Schedule!B10 | C10: =IF(AND(C$3>=Schedule!$F10,C$3<=Schedule!$G10,WEEKDAY(C$3,2)<=5),"■","") | D10: =IF(AND(D$3>=Schedule!$F10,D$3<=Schedule!$G10,WEEKDAY(D$3,2)<=5),"■","") | E10: =IF(AND(E$3>=Schedule!$F10,E$3<=Schedule!$G10,WEEKDAY(E$3,2)<=5),"■","") | F10: =IF(AND(F$3>=Schedule!$F10,F$3<=Schedule!$G10,WEEKDAY(F$3,2)<=5),"■","") | G10: =IF(AND(G$3>=Schedule!$F10,G$3<=Schedule!$G10,WEEKDAY(G$3,2)<=5),"■","") | H10: =IF(AND(H$3>=Schedule!$F10,H$3<=Schedule!$G10,WEEKDAY(H$3,2)<=5),"■","") | I10: =IF(AND(I$3>=Schedule!$F10,I$3<=Schedule!$G10,WEEKDAY(I$3,2)<=5),"■","") | J10: =IF(AND(J$3>=Schedule!$F10,J$3<=Schedule!$G10,WEEKDAY(J$3,2)<=5),"■","") | ... AJ10: =IF(AND(AJ$3>=Schedule!$F10,AJ$3<=Schedule!$G10,WEEKDAY(AJ$3,2)<=5),"■","")
A11: =Schedule!A11 | B11: =Schedule!B11 | C11: =IF(AND(C$3>=Schedule!$F11,C$3<=Schedule!$G11,WEEKDAY(C$3,2)<=5),"■","") | D11: =IF(AND(D$3>=Schedule!$F11,D$3<=Schedule!$G11,WEEKDAY(D$3,2)<=5),"■","") | E11: =IF(AND(E$3>=Schedule!$F11,E$3<=Schedule!$G11,WEEKDAY(E$3,2)<=5),"■","") | F11: =IF(AND(F$3>=Schedule!$F11,F$3<=Schedule!$G11,WEEKDAY(F$3,2)<=5),"■","") | G11: =IF(AND(G$3>=Schedule!$F11,G$3<=Schedule!$G11,WEEKDAY(G$3,2)<=5),"■","") | H11: =IF(AND(H$3>=Schedule!$F11,H$3<=Schedule!$G11,WEEKDAY(H$3,2)<=5),"■","") | I11: =IF(AND(I$3>=Schedule!$F11,I$3<=Schedule!$G11,WEEKDAY(I$3,2)<=5),"■","") | J11: =IF(AND(J$3>=Schedule!$F11,J$3<=Schedule!$G11,WEEKDAY(J$3,2)<=5),"■","") | ... AJ11: =IF(AND(AJ$3>=Schedule!$F11,AJ$3<=Schedule!$G11,WEEKDAY(AJ$3,2)<=5),"■","")
A13: 红=关键路径任务，蓝=非关键任务，灰=周末。上线日 2026-10-01（周四）。

Sheet RACI
A1: RACI 矩阵（每项只有一个 A）
A2: ID | B2: Task | C2: Sponsor (COO) | D2: Program Lead | E2: Product | F2: Engineering | G2: Legal | H2: Marketing | I2: Enablement | J2: InfoSec | K2: A 计数（应=1）
A3: A | B3: Requirements | C3: I | D3: C | E3: A/R | F3: C | G3: C | H3: I | I3: I | J3: I | K3: =COUNTIF(C3:J3,"*A*")
A4: B | B4: Solution design | C4: I | D4: C | E4: C | F4: A/R | G4: I | H4: I | I4: I | J4: C | K4: =COUNTIF(C4:J4,"*A*")
A5: C | B5: Legal review | C5: I | D5: C | E5: C | F5: I | G5: A/R | H5: I | I5: I | J5: I | K5: =COUNTIF(C5:J5,"*A*")
A6: D | B6: Build | C6: I | D6: C | E6: C | F6: A/R | G6: I | H6: I | I6: I | J6: C | K6: =COUNTIF(C6:J6,"*A*")
A7: E | B7: Content | C7: I | D7: C | E7: C | F7: I | G7: C | H7: A/R | I7: I | J7: I | K7: =COUNTIF(C7:J7,"*A*")
A8: F | B8: UAT | C8: I | D8: C | E8: A/R | F8: R | G8: I | H8: R | I8: I | J8: C | K8: =COUNTIF(C8:J8,"*A*")
A9: G | B9: Training | C9: I | D9: C | E9: C | F9: I | G9: C | H9: C | I9: A/R | J9: I | K9: =COUNTIF(C9:J9,"*A*")
A10: H | B10: Launch | C10: I | D10: A/R | E10: R | F10: R | G10: C | H10: R | I10: R | J10: C | K10: =COUNTIF(C10:J10,"*A*")
A12: R=负责执行 A=最终负责（唯一） C=被咨询 I=被告知。InfoSec 在 UAT（F）期间为 C，符合题内要求；Sponsor 全程 I，H 上线由 Program Lead 负责。

Sheet Risk Register
A1: 风险登记册
A2: # | B2: 风险 | C2: 影响任务 | D2: 可能性 | E2: 影响 | F2: 等级 | G2: 分析（基于排程） | H2: 应对 | I2: 负责人 | J2: 触发/监控
A3: 1 | B3: Legal review 可能延迟 3 天 | C3: C→G | D3: 中 | E3: 低 | F3: 低 | G3: C 的总浮动为 11 个工作日（9/10 完成，G 9/28 开始），延迟 3 天不影响上线 | H3: 接受；每周跟踪 C 进度，若延迟超过 8 天升级 | I3: Legal / Program Lead | J3: C 未在 9/15 前完成即预警
A4: 2 | B4: UAT 环境只有一个 | C4: F | D4: 中 | E4: 高 | F4: 高 | G4: F 在关键路径且无浮动；环境故障或被占用直接推迟上线 | H4: UAT 前一周冻结环境；准备数据回滚脚本；申请备用环境预算 | I4: Engineering / Product | J4: UAT 前 9/18 环境就绪检查
A5: 3 | B5: Marketing 负责人 9/14–15 休假 | C5: E | D5: 高（已知） | E5: 低 | F5: 低 | G5: E 9/10–9/17 执行，休假 2 天在其中；E 总浮动 2 个工作日，由副手覆盖则不影响 | H5: 副手在 9/11 前完成交接；若 E 延迟 >2 天将进入关键路径 | I5: Marketing | J5: E 9/15 中期检查
A6: 4 | B6: 关键路径零浮动（A-B-D-F-G-H） | C6: 全部关键任务 | D6: 中 | E6: 高 | F6: 高 | G6: 计划上线日恰为 10/1，任何关键任务延迟 1 天即错过目标 | H6: Build（D，8 天）每日站会；提前定义 UAT 通过标准；准备 10/2 应急沟通 | I6: Program Lead | J6: 任一关键任务 EF 晚于计划即升级 Sponsor
A7: 5 | B7: Build 与 Content 同时依赖 Design 输出 | C7: D、E | D7: 中 | E7: 中 | F7: 中 | G7: B 若延迟同时推迟 D 与 E | H7: B 完成标准前置确认；D 可在 B 9/9 前分批接收设计 | I7: Engineering | J7: B 9/9 完成确认
A8: 6 | B8: InfoSec 在 UAT 期间未及时参与 | C8: F | D8: 中 | E8: 中 | F8: 中 | G8: InfoSec 为 C；反馈延迟会拖长 F | H8: 9/15 前发出 UAT 计划并预约 InfoSec 评审时段 | I8: Product | J8: 9/15 邀请确认
