Workbook

Sheet Inventory
A1: SKU | B1: On_Hand | C1: Avg_Daily_Demand | D1: Lead_Time_Days | E1: Safety_Stock | F1: Open_PO | G1: Case_Pack | H1: ROP | I1: Available | J1: Trigger | K1: Target | L1: RawQty | M1: OrderQty
A2: A | B2: 120 | C2: 8 | D2: 10 | E2: 40 | F2: 0 | G2: 20 | H2: =C2*D2+E2 | I2: =B2+F2 | J2: =IF(I2<=H2,"YES","NO") | K2: =C2*(D2+14)+E2 | L2: =MAX(0,K2-B2-F2) | M2: =IF(J2="NO",0,IF(L2=0,0,CEILING(L2,G2)))
A3: B | B3: 500 | C3: 12 | D3: 7 | E3: 60 | F3: 100 | G3: 50 | H3: =C3*D3+E3 | I3: =B3+F3 | J3: =IF(I3<=H3,"YES","NO") | K3: =C3*(D3+14)+E3 | L3: =MAX(0,K3-B3-F3) | M3: =IF(J3="NO",0,IF(L3=0,0,CEILING(L3,G3)))
A4: C | B4: 40 | C4: 5 | D4: 14 | E4: 25 | F4: 0 | G4: 10 | H4: =C4*D4+E4 | I4: =B4+F4 | J4: =IF(I4<=H4,"YES","NO") | K4: =C4*(D4+14)+E4 | L4: =MAX(0,K4-B4-F4) | M4: =IF(J4="NO",0,IF(L4=0,0,CEILING(L4,G4)))
A5: D | B5: 200 | C5: 20 | D5: 5 | E5: 50 | F5: 0 | G5: 25 | H5: =C5*D5+E5 | I5: =B5+F5 | J5: =IF(I5<=H5,"YES","NO") | K5: =C5*(D5+14)+E5 | L5: =MAX(0,K5-B5-F5) | M5: =IF(J5="NO",0,IF(L5=0,0,CEILING(L5,G5)))
A6: E | B6: 75 | C6: 4 | D6: 21 | E6: 30 | F6: 50 | G6: 10 | H6: =C6*D6+E6 | I6: =B6+F6 | J6: =IF(I6<=H6,"YES","NO") | K6: =C6*(D6+14)+E6 | L6: =MAX(0,K6-B6-F6) | M6: =IF(J6="NO",0,IF(L6=0,0,CEILING(L6,G6)))
A7: F | B7: 0 | C7: 3 | D7: 30 | E7: 20 | F7: 30 | G7: 25 | H7: =C7*D7+E7 | I7: =B7+F7 | J7: =IF(I7<=H7,"YES","NO") | K7: =C7*(D7+14)+E7 | L7: =MAX(0,K7-B7-F7) | M7: =IF(J7="NO",0,IF(L7=0,0,CEILING(L7,G7)))
A8: G | B8: 90 | C8: 6 | D8: 12 | E8: 36 | F8: 0 | G8: 12 | H8: =C8*D8+E8 | I8: =B8+F8 | J8: =IF(I8<=H8,"YES","NO") | K8: =C8*(D8+14)+E8 | L8: =MAX(0,K8-B8-F8) | M8: =IF(J8="NO",0,IF(L8=0,0,CEILING(L8,G8)))
A9: H | B9: 1000 | C9: 25 | D9: 14 | E9: 100 | F9: 500 | G9: 100 | H9: =C9*D9+E9 | I9: =B9+F9 | J9: =IF(I9<=H9,"YES","NO") | K9: =C9*(D9+14)+E9 | L9: =MAX(0,K9-B9-F9) | M9: =IF(J9="NO",0,IF(L9=0,0,CEILING(L9,G9)))
A12: ROP=AvgDaily*LeadTime+Safety. Trigger if OnHand+OpenPO <= ROP. Target=Demand*(LT+14)+Safety. Order=CEILING to case pack only if triggered.

Sheet Purchase_List
A1: SKU | B1: OrderQty | C1: Cases | D1: Priority_Note
A2: =IF(Inventory!J2="YES",Inventory!A2,"") | B2: =IF(Inventory!J2="YES",Inventory!M2,"") | C2: =IF(B2="","",B2/INDEX(Inventory!G:G,MATCH(A2,Inventory!A:A,0))) | D2: =IF(A2="F","Highest stockout risk (OH=0)",IF(A2="","","Triggered"))
A3: =IF(Inventory!J3="YES",Inventory!A3,"") | B3: =IF(Inventory!J3="YES",Inventory!M3,"") | C3: =IF(B3="","",B3/INDEX(Inventory!G:G,MATCH(A3,Inventory!A:A,0))) | D3: =IF(A3="F","Highest stockout risk (OH=0)",IF(A3="","","Triggered"))
A4: =IF(Inventory!J4="YES",Inventory!A4,"") | B4: =IF(Inventory!J4="YES",Inventory!M4,"") | C4: =IF(B4="","",B4/INDEX(Inventory!G:G,MATCH(A4,Inventory!A:A,0))) | D4: =IF(A4="F","Highest stockout risk (OH=0)",IF(A4="","","Triggered"))
A5: =IF(Inventory!J5="YES",Inventory!A5,"") | B5: =IF(Inventory!J5="YES",Inventory!M5,"") | C5: =IF(B5="","",B5/INDEX(Inventory!G:G,MATCH(A5,Inventory!A:A,0))) | D5: =IF(A5="F","Highest stockout risk (OH=0)",IF(A5="","","Triggered"))
A6: =IF(Inventory!J6="YES",Inventory!A6,"") | B6: =IF(Inventory!J6="YES",Inventory!M6,"") | C6: =IF(B6="","",B6/INDEX(Inventory!G:G,MATCH(A6,Inventory!A:A,0))) | D6: =IF(A6="F","Highest stockout risk (OH=0)",IF(A6="","","Triggered"))
A7: =IF(Inventory!J7="YES",Inventory!A7,"") | B7: =IF(Inventory!J7="YES",Inventory!M7,"") | C7: =IF(B7="","",B7/INDEX(Inventory!G:G,MATCH(A7,Inventory!A:A,0))) | D7: =IF(A7="F","Highest stockout risk (OH=0)",IF(A7="","","Triggered"))
A8: =IF(Inventory!J8="YES",Inventory!A8,"") | B8: =IF(Inventory!J8="YES",Inventory!M8,"") | C8: =IF(B8="","",B8/INDEX(Inventory!G:G,MATCH(A8,Inventory!A:A,0))) | D8: =IF(A8="F","Highest stockout risk (OH=0)",IF(A8="","","Triggered"))
A9: =IF(Inventory!J9="YES",Inventory!A9,"") | B9: =IF(Inventory!J9="YES",Inventory!M9,"") | C9: =IF(B9="","",B9/INDEX(Inventory!G:G,MATCH(A9,Inventory!A:A,0))) | D9: =IF(A9="F","Highest stockout risk (OH=0)",IF(A9="","","Triggered"))
A11: SKU count triggered | B11: =COUNTIF(Inventory!J2:J9,"YES")
A12: Units ordered | B12: =SUM(Inventory!M2:M9)

Sheet Exception_Checks
A1: Check | B1: SKU | C1: Result
A2: On Hand = 0 | B2: F | C2: Avail 30 <= ROP 110; Open PO still far below ROP
A3: Avail equals ROP | B3: A | C3: 120=120 triggers because rule is <=
A4: Below target but not ROP | B4: D | C4: 200>150 ROP so do NOT order despite Target 430
A5: Below target but not ROP | B5: E | C5: 125>114 ROP so do NOT order
A6: Far above ROP | B6: B/H | C6: Do not order
