Workbook

Sheet Data
A1: Cohort 原始数据（活跃人数；空白 = 尚未观测）
A2: Cohort | B2: Signups/M0 | C2: M1 Active | D2: M2 Active | E2: M3 Active | F2: M4 Active
A3: 2026-Jan | B3: 1000 | C3: 720 | D3: 610 | E3: 550 | F3: 500
A4: 2026-Feb | B4: 1200 | C4: 840 | D4: 690 | E4: 600
A5: 2026-Mar | B5: 900 | C5: 630 | D5: 520
A6: 2026-Apr | B6: 1100 | C6: 770
A8: 业务事件：2 月 15 日上线新手引导；3 月 10 日起首月折扣由 30% 降至 15%。无随机实验或用户级控制变量。

Sheet Retention
A1: 留存率热力图（留存率 = 该月活跃 / 注册人数；未观测月份留空）
A2: Cohort | B2: Signups | C2: M0 | D2: M1 | E2: M2 | F2: M3 | G2: M4
A3: =Data!A3 | B3: =Data!B3 | C3: 1 | D3: =IF(Data!C3="","",Data!C3/Data!$B3) | E3: =IF(Data!D3="","",Data!D3/Data!$B3) | F3: =IF(Data!E3="","",Data!E3/Data!$B3) | G3: =IF(Data!F3="","",Data!F3/Data!$B3)
A4: =Data!A4 | B4: =Data!B4 | C4: 1 | D4: =IF(Data!C4="","",Data!C4/Data!$B4) | E4: =IF(Data!D4="","",Data!D4/Data!$B4) | F4: =IF(Data!E4="","",Data!E4/Data!$B4) | G4: =IF(Data!F4="","",Data!F4/Data!$B4)
A5: =Data!A5 | B5: =Data!B5 | C5: 1 | D5: =IF(Data!C5="","",Data!C5/Data!$B5) | E5: =IF(Data!D5="","",Data!D5/Data!$B5) | F5: =IF(Data!E5="","",Data!E5/Data!$B5) | G5: =IF(Data!F5="","",Data!F5/Data!$B5)
A6: =Data!A6 | B6: =Data!B6 | C6: 1 | D6: =IF(Data!C6="","",Data!C6/Data!$B6) | E6: =IF(Data!D6="","",Data!D6/Data!$B6) | F6: =IF(Data!E6="","",Data!E6/Data!$B6) | G6: =IF(Data!F6="","",Data!F6/Data!$B6)
A8: 观测到的 cohort 数 | D8: =COUNT(D3:D6) | E8: =COUNT(E3:E6) | F8: =COUNT(F3:F6) | G8: =COUNT(G3:G6)
A10: 读法：同一列自上而下比较不同 cohort 在相同生命周期月份的留存；空白表示尚未到观测时间，不是 0。

Sheet Weighted Curve
A1: 加权组合留存曲线（分子 = 可用 cohort 活跃人数之和；分母 = 这些 cohort 的注册人数之和）
A2: Month | B2: Active (sum, available cohorts) | C2: Signups (sum, same cohorts) | D2: Weighted Retention | E2: Cohorts used | F2: Simple average (for contrast only)
A3: M1 | B3: =SUM(Data!C3:C6) | C3: =SUMIF(Data!C3:C6,"<>",Data!B3:B6) | D3: =IF(C3=0,"",B3/C3) | E3: =COUNT(Data!C3:C6) | F3: =AVERAGE(Retention!D3:D6)
A4: M2 | B4: =SUM(Data!D3:D6) | C4: =SUMIF(Data!D3:D6,"<>",Data!B3:B6) | D4: =IF(C4=0,"",B4/C4) | E4: =COUNT(Data!D3:D6) | F4: =AVERAGE(Retention!E3:E6)
A5: M3 | B5: =SUM(Data!E3:E6) | C5: =SUMIF(Data!E3:E6,"<>",Data!B3:B6) | D5: =IF(C5=0,"",B5/C5) | E5: =COUNT(Data!E3:E6) | F5: =AVERAGE(Retention!F3:F6)
A6: M4 | B6: =SUM(Data!F3:F6) | C6: =SUMIF(Data!F3:F6,"<>",Data!B3:B6) | D6: =IF(C6=0,"",B6/C6) | E6: =COUNT(Data!F3:F6) | F6: =AVERAGE(Retention!G3:G6)
A8: M0 | D8: 1
A10: 注意：M4 只有 1 月 cohort 可观测，加权 = 简单平均；随后各月分母不同，加权值与简单平均可能不同。

Sheet Conclusion
A1: 结论
A2: 结论（≤250 字）：四个 cohort 的 M1 留存稳定在 70–72%，加权 M1 为 70.5%；但更深月份呈现走弱：M2 由 1 月 cohort 的 61.0% 降至 2/3 月的 57.5%/57.8%，M3 由 55.0% 降至 50.0%，加权 M2/M3 为 58.7%/52.3%。2 月 15 日上线的新手引导之后，2 月（部分暴露）与 3 月（完全暴露）cohort 的留存并未高于 1 月 cohort，没有证据表明新手引导改善了留存；同时 3 月 10 日折扣从 30% 降至 15% 与之重叠，且无随机实验与用户级控制变量，无法分离两者影响。建议：按注册日期在 2 月 15 日前后拆分 2 月 cohort，并对 4 月 cohort 追踪 M2/M3 后再判断。
A4: 字数（中文字符+词） | B4: 199
A5: 加权 M1 引用 | B5: ='Weighted Curve'!D3
A6: 加权 M2 引用 | B6: ='Weighted Curve'!D4
A7: 加权 M3 引用 | B7: ='Weighted Curve'!D5
